model,response_model,image_path,zpid,room_type,replicate,score,level,confidence,valid,room_type_judgment,reasoning,input_tokens,output_tokens,cached_input_tokens,cache_write_tokens,thought_tokens,latency_s,cost_usd,error
gemini-3.5-flash,gemini-3.5-flash,images/439578555/439578555_5.jpg,439578555,kitchen,1,4.2,4,0.9,True,kitchen,"This is a modern, minimalist single-wall kitchen featuring flat-panel wood cabinetry, integrated appliances, and a matching solid-surface countertop and backsplash. While the finishes are clean and updated, the compact layout lacks a built-in island, capping its luxury level at a high Level 4.",2851,618,0,0,528,6.87,0.009839,
gemini-3.5-flash,gemini-3.5-flash,images/347205007/347205007_16.jpg,347205007,kitchen,1,4.3,4,0.9,True,kitchen,"This kitchen features a modern, cohesive renovation with two-tone flat-panel cabinetry, quartz countertops, and a matching full-height slab backsplash. The stainless steel appliances are standard consumer-grade, and the layout is relatively compact with a small peninsula, placing it firmly in the updated mid-range category.",2851,737,0,0,621,7.199,0.010910,
gemini-3.5-flash,gemini-3.5-flash,images/245060365/245060365_5.jpg,245060365,kitchen,1,4.0,4,0.95,True,kitchen,"This is a beautifully renovated galley kitchen featuring modern flat-panel cabinetry, quartz countertops, and a full-height linear tile backsplash. While the finishes are clean and contemporary, the compact galley layout with no central island caps the score at Level 4 per the calibration rules.",2851,699,0,0,589,7.459,0.010568,
gemini-3.5-flash,gemini-3.5-flash,images/2054934812/2054934812_3.jpg,2054934812,kitchen,1,2.0,2,0.9,True,kitchen,"The space features highly dated patterned wallpaper, worn vinyl flooring, and basic wood cabinetry with simple laminate countertops. The open adjustable shelving and overall aesthetic indicate a basic, dated, and worn kitchen area that has not been updated in decades.",2879,494,0,0,392,7.729,0.008764,
gemini-3.5-flash,gemini-3.5-flash,images/245040272/245040272_12.jpg,245040272,kitchen,1,2.4,2,0.9,True,kitchen,"This is a highly compact galley kitchen featuring basic white flat-panel cabinets with visible wear at the bases, simple white laminate countertops, and standard white appliances. While clean and functional, the materials and layout are builder-grade and dated, aligning with Level 2.",2879,757,0,0,649,7.912,0.011132,
gemini-3.5-flash,gemini-3.5-flash,images/452935685/452935685_5.jpg,452935685,kitchen,1,2.0,2,0.9,True,kitchen,"The kitchen features highly dated flat-panel wood cabinetry with missing doors, basic laminate countertops, and older appliances. The worn sheet vinyl flooring and wood paneling further indicate a basic, un-renovated space in need of modernization.",2851,723,0,0,621,6.188,0.010783,
gemini-3.5-flash,gemini-3.5-flash,images/68313646/68313646_2.jpg,68313646,kitchen,1,5.0,5,0.9,True,kitchen,"This kitchen features high-end professional-grade stainless steel appliances, including a built-in refrigerator and wine cooler, which elevate it above a standard renovation. The large island with a thick dark stone countertop and modern flat-panel cabinetry provides a clean, upscale aesthetic. The overall layout and premium finishes align with a Level 5 classification.",2851,792,0,0,670,13.277,0.011404,
gemini-3.5-flash,gemini-3.5-flash,images/457610719/457610719_3.jpg,457610719,kitchen,1,4.2,4,0.9,True,kitchen,"This kitchen features a modern renovation with flat-panel wood-grain cabinets, quartz countertops, and a premium full-height slab backsplash that wraps around the window. While the finishes are high-quality and cohesive, the compact layout lacks an island, capping its luxury level at Level 4.",2851,813,0,0,700,6.157,0.011593,
gemini-3.5-flash,gemini-3.5-flash,images/245523004/245523004_2.jpg,245523004,kitchen,1,5.4,5,0.85,True,kitchen,"This kitchen features high-end modern finishes, including flat-panel minimalist cabinetry, a striking black-and-white veined stone waterfall island, and a matching full-height slab backsplash. While the finishes are upscale and designer-level, the overall footprint is somewhat compact, placing it at a high Level 5 rather than a spacious Level 6.",2851,987,0,0,860,7.573,0.013159,
gemini-3.5-flash,gemini-3.5-flash,images/320255113/320255113_3.jpg,320255113,kitchen,1,3.8,4,0.9,True,kitchen,"This is a compact, corner kitchen with no island, which caps its potential score at Level 4. It features modern updates including two-tone flat-panel cabinetry, a full-height stone-patterned backsplash, and polished tile flooring, but remains limited by its small footprint and standard appliances.",2851,901,0,0,786,7.083,0.012386,
gemini-3.5-flash,gemini-3.5-flash,images/2079507264/2079507264_7.jpg,2079507264,kitchen,1,5.0,5,0.9,True,kitchen,"This kitchen is a high-quality renovation featuring a marble waterfall island, high-gloss flat-panel cabinetry, and premium herringbone wood flooring. While it includes upgraded appliances like a professional-style gas range, the compact layout and over-the-range microwave keep it at a Level 5 rather than an upscale Level 6.",2851,1074,0,0,953,7.902,0.013943,
gemini-3.5-flash,gemini-3.5-flash,images/320251340/320251340_1.jpg,320251340,kitchen,1,4.2,4,0.9,True,kitchen,"This compact kitchen features modern flat-panel wood cabinets with an integrated refrigerator panel, a clean white quartz countertop, and a textured wavy tile backsplash. While the integrated appliances and sleek finishes are high-quality, the very limited, compact layout caps the score at Level 4.",2897,697,0,0,587,5.693,0.010618,
gemini-3.5-flash,gemini-3.5-flash,images/448006342/448006342_3.jpg,448006342,kitchen,1,5.0,5,0.9,True,kitchen,"This kitchen features high-end custom minimalist cabinetry with integrated panel-ready appliances and a stylish wood-accent niche. The island boasts a premium quartz waterfall countertop and integrated sink. While the finishes are upscale, the compact footprint and layout keep it at Level 5 rather than a higher tier.",2851,888,0,0,775,7.267,0.012268,
gemini-3.5-flash,gemini-3.5-flash,images/459718105/459718105_2.jpg,459718105,kitchen,1,4.0,4,0.9,True,kitchen,"This kitchen represents a standard modern renovation featuring flat-panel grey and wood cabinets, quartz countertops, and a glossy tile backsplash. The stainless steel appliances, including an over-the-range microwave, and the compact layout align perfectly with the Level 4 baseline.",2851,684,0,0,577,5.88,0.010433,
gemini-3.5-flash,gemini-3.5-flash,images/64547202/64547202_7.jpg,64547202,kitchen,1,2.8,3,0.9,True,kitchen,"This kitchen features basic white appliances, simple painted cabinets, and laminate countertops, characteristic of a budget-friendly or older space. While it is clean and maintained with a mosaic tile backsplash, the compact layout, basic dome lighting, and lack of modern upgrades like stainless steel or stone countertops keep it at a Level 3.",2851,934,0,0,815,6.958,0.012682,
gemini-3.5-flash,gemini-3.5-flash,images/300074943/300074943_3.jpg,300074943,kitchen,1,5.8,6,0.9,True,kitchen,"This kitchen features high-end custom wood veneer cabinetry that wraps onto the ceiling and adjacent wall, paired with a premium marble waterfall island and matching full-height slab backsplash. The integrated appliances, professional range hood, and sleek modern design elevate it to an upscale designer level, though the linear layout is somewhat compact.",2851,1106,0,0,989,8.152,0.014231,
gemini-3.5-flash,gemini-3.5-flash,images/338705381/338705381_2.jpg,338705381,kitchen,1,4.5,5,0.9,True,kitchen,"This kitchen features high-end modern finishes, including flat-panel oak cabinetry with integrated pulls, a full-height natural stone slab backsplash, and a matching waterfall countertop. It also includes premium integrated appliances, but the compact U-shaped layout without a central island caps its overall luxury level.",2851,1402,0,0,1289,9.645,0.016894,
gemini-3.5-flash,gemini-3.5-flash,images/443617919/443617919_2.jpg,443617919,kitchen,1,6.2,6,0.9,True,kitchen,"This kitchen features high-end custom flat-panel cabinetry with integrated, panel-ready appliances that seamlessly blend into the wood-grain wall. The island and backsplash showcase premium stone slabs with subtle veining, complemented by minimalist designer fixtures and a curved island profile. The open-concept layout and upscale minimalist aesthetic align with Level 6 designer quality.",2851,719,0,0,595,5.727,0.010748,
gemini-3.5-flash,gemini-3.5-flash,images/30599448/30599448_6.jpg,30599448,kitchen,1,4.2,4,0.9,True,kitchen,"This compact kitchen features a stylish modern renovation with shaker cabinets, quartz countertops, an apron-front farmhouse sink, and a pro-style blue range. While the design is cohesive and features upgraded fixtures, the compact layout and lack of an island cap the luxury level at a standard modern renovation.",2876,820,0,0,707,5.633,0.011694,
gemini-3.5-flash,gemini-3.5-flash,images/338701821/338701821_3.jpg,338701821,kitchen,1,4.0,4,0.95,True,kitchen,"This kitchen features high-end finishes including a full-height natural stone slab backsplash, integrated panel refrigerator, and professional-grade range. However, because it is a compact L-shaped layout without an island, it is capped at Level 4 per the calibration rules.",2851,940,0,0,830,8.194,0.012736,
gemini-3.5-flash,gemini-3.5-flash,images/320253598/320253598_2.jpg,320253598,kitchen,1,4.2,4,0.9,True,kitchen,"This kitchen features a modern, cohesive renovation with two-tone flat-panel cabinets, white quartz countertops, and stainless steel appliances. While stylishly updated with a geometric tile backsplash, the layout is a standard U-shape with a peninsula rather than a large island, placing it firmly in the mid-range updated category.",2851,832,0,0,713,7.078,0.011765,
gemini-3.5-flash,gemini-3.5-flash,images/455580860/455580860_5.jpg,455580860,kitchen,1,5.3,5,0.9,True,kitchen,"This kitchen is a high-end renovation featuring premium elements such as a waterfall quartz countertop on the peninsula, a matching full-height slab backsplash, and a professional-grade stainless steel range and hood. The light wood cabinetry is beautifully integrated with a paneled dishwasher and extends to the ceiling, elevating the space well above a standard Level 4 baseline.",2851,1178,0,0,1053,7.709,0.014878,
gemini-3.5-flash,gemini-3.5-flash,images/449031388/449031388_1.jpg,449031388,kitchen,1,4.0,4,0.95,True,kitchen,"This galley kitchen features a standard modern renovation with white shaker cabinets, quartz countertops, and a vibrant blue subway tile backsplash. It includes stainless steel appliances and under-cabinet lighting, but its compact layout without an island caps its score at Level 4.",2851,768,0,0,662,5.595,0.011189,
gemini-3.5-flash,gemini-3.5-flash,images/72670045/72670045_5.jpg,72670045,kitchen,1,3.7,4,0.9,True,kitchen,"This is a compact galley kitchen that has been updated with a modern, cohesive aesthetic, featuring flat-panel cabinetry, butcher block countertops, and a classic subway tile backsplash. While stylishly renovated, the small footprint, lack of an island, and budget-friendly material choices (such as wood counters and standard white appliances) cap its luxury level.",2897,937,0,0,813,8.389,0.012778,
gemini-3.5-flash,gemini-3.5-flash,images/320252928/320252928_3.jpg,320252928,kitchen,1,4.2,4,0.95,True,kitchen,"This kitchen represents a classic Level 4 modern renovation, featuring shaker-style cabinets, quartz countertops, and a white subway tile backsplash. While it includes nice details like a pot filler and under-cabinet lighting, the standard stainless steel appliances and peninsula layout keep it firmly within the mid-range category.",2851,915,0,0,799,6.185,0.012512,
gemini-3.5-flash,gemini-3.5-flash,images/457917688/457917688_2.jpg,457917688,kitchen,1,3.8,4,0.9,True,kitchen,"This is a compact, updated kitchen featuring two-tone flat-panel cabinetry, stainless steel appliances, and a linear mosaic tile backsplash. Because it is a relatively small layout without an island, it is capped at Level 4 despite the modern, cohesive finishes.",2851,611,0,0,504,5.553,0.009775,
gemini-3.5-flash,gemini-3.5-flash,images/79713844/79713844_10.jpg,79713844,kitchen,1,2.3,2,0.9,True,kitchen,"The kitchen features basic, dated finishes including laminate countertops, older white appliances, and a simple square tile backsplash. The white raised-panel cabinets show unfinished undersides, and the overall layout is compact and builder-grade, aligning with Level 2.",2851,712,0,0,606,7.354,0.010684,
gemini-3.5-flash,gemini-3.5-flash,images/111711535/111711535_5.jpg,111711535,kitchen,1,4.0,4,0.95,True,kitchen,"This is a classic galley kitchen featuring updated mid-range finishes, including stainless steel appliances, granite countertops, shaker-style wood cabinetry, and a stone tile backsplash. As a compact galley layout without an island, it is capped at Level 4 despite its clean and cohesive modern renovation.",2851,697,0,0,584,5.408,0.010549,
gemini-3.5-flash,gemini-3.5-flash,images/79488683/79488683_2.jpg,79488683,kitchen,1,4.0,4,0.95,True,kitchen,"This kitchen represents a standard modern renovation with shaker cabinets, quartz countertops, a herringbone tile backsplash, and stainless steel appliances. Due to its compact layout and peninsula design rather than a large island, it is capped at Level 4 despite its clean and cohesive aesthetic.",2851,718,0,0,610,4.867,0.010738,
gemini-3.5-flash,gemini-3.5-flash,images/30785005/30785005_12.jpg,30785005,kitchen,1,4.4,4,0.85,True,kitchen,"The kitchen features quality traditional materials including raised-panel wood cabinetry with a decorative wood range hood, granite countertops, and a tiled backsplash. However, the layout is relatively compact and the styling is somewhat dated, placing it on the upper end of a mid-range classification.",2851,1168,0,0,1058,8.125,0.014788,
gemini-3.5-flash,gemini-3.5-flash,images/122588155/122588155_7.jpg,122588155,kitchen,1,3.0,3,0.9,True,kitchen,"This kitchen features dated medium-toned wood cabinetry and mismatched appliances, including a white dishwasher alongside a black and stainless steel range. While it has granite countertops, the overall design, compact layout, and lack of cohesive modern finishes align with a dated but maintained standard.",2851,760,0,0,653,6.955,0.011116,
gemini-3.5-flash,gemini-3.5-flash,images/444358981/444358981_8.jpg,444358981,kitchen,1,3.5,4,0.85,True,kitchen,"The kitchen features dated raised-panel oak cabinetry paired with some updated elements like granite countertops, a white subway tile backsplash, and stainless steel appliances (though the dishwasher is black). The compact layout lacks an island, and the large tile flooring is basic, placing this kitchen between a maintained dated look and a standard mid-range update.",2851,790,0,0,668,6.197,0.011387,
gemini-3.5-flash,gemini-3.5-flash,images/245026215/245026215_2.jpg,245026215,kitchen,1,3.8,4,0.9,True,kitchen,"This is a compact galley kitchen featuring a modern renovation with white shaker cabinets, gray quartz countertops, and stainless steel appliances. Due to its narrow layout and lack of an island, it is capped at Level 4 despite the clean, updated finishes.",2851,664,0,0,560,5.877,0.010252,
gemini-3.5-flash,gemini-3.5-flash,images/245000657/245000657_7.jpg,245000657,kitchen,1,3.8,4,0.9,True,kitchen,"This is a highly compact galley kitchen featuring modern updates, including stainless steel appliances, flat-panel cabinetry, and a geometric tile backsplash. Due to its very limited footprint and lack of an island, it is capped at Level 4 despite the cohesive contemporary finishes.",2851,658,0,0,551,6.457,0.010198,
gemini-3.5-flash,gemini-3.5-flash,images/30718819/30718819_7.jpg,30718819,kitchen,1,4.5,4,0.9,True,kitchen,"This kitchen represents a solid mid-range modern renovation, featuring two-tone flat-panel cabinetry, dark stone countertops, and a linear mosaic tile backsplash. While it includes upgraded features like a built-in double wall oven and large-format tile flooring, the small island and standard stainless steel appliances keep it firmly aligned with Level 4 standards.",2851,1034,0,0,910,7.64,0.013583,
gemini-3.5-flash,gemini-3.5-flash,images/244993376/244993376_6.jpg,244993376,kitchen,1,3.5,4,0.9,True,kitchen,"This compact single-wall kitchen features updated white shaker cabinets with glass-front uppers, a modern herringbone tile backsplash, and clean solid-surface countertops. However, the appliances are basic white models rather than stainless steel, and the extremely limited footprint with no island caps its overall luxury level.",2851,821,0,0,708,9.779,0.011666,
gemini-3.5-flash,gemini-3.5-flash,images/30783144/30783144_3.jpg,30783144,kitchen,1,2.4,2,0.85,True,kitchen,"The kitchen features basic, flat-panel laminate cabinetry, laminate countertops, and a mix of dated white and black appliances. The compact layout and lack of modern updates place this in the basic/dated category, though it appears clean and functional.",2894,975,0,0,871,9.025,0.013116,
gemini-3.5-flash,gemini-3.5-flash,images/338705381/338705381_12.jpg,338705381,bathroom,1,5.8,6,0.9,True,bathroom,"This bathroom features premium materials including real marble slab wall cladding, herringbone marble floor tile, and a high-end mid-century modern wood vanity. The frameless glass walk-in shower is equipped with upscale fixtures, and the cohesive, designer-level styling elevates it to an upscale standard.",3023,943,0,0,830,6.854,0.013022,
gemini-3.5-flash,gemini-3.5-flash,images/245026215/245026215_13.jpg,245026215,bathroom,1,3.0,3,0.9,True,bathroom,"This bathroom features a standard tub-shower combo with basic square wall tiling and a simple white vanity with an integrated sink. The black-and-white mosaic floor tile and flushometer toilet indicate an older, pre-war style that is clean and maintained but remains basic and dated in its layout and fixtures.",3023,464,0,0,348,5.242,0.008710,
gemini-3.5-flash,gemini-3.5-flash,images/30786133/30786133_10.jpg,30786133,kitchen,1,2.6,3,0.9,True,kitchen,"The kitchen is dated but well-maintained, featuring older wood cabinets, laminate countertops, and basic white appliances. The presence of a drop ceiling, wood wainscoting, and wallpaper further dates the space, placing it in the dated but maintained category.",2851,997,0,0,891,8.016,0.013250,
gemini-3.5-flash,gemini-3.5-flash,images/320253598/320253598_7.jpg,320253598,bathroom,1,4.0,4,0.9,True,bathroom,"This bathroom represents an updated mid-range renovation featuring a walk-in shower with a glass door and tiled wainscoting. While clean and cohesive, the finishes are standard retail-grade, including a basic white vanity, simple ceramic tiling, and a budget-friendly multi-bulb light fixture, keeping it firmly in the mid-range category.",3023,870,0,0,745,8.124,0.012365,
gemini-3.5-flash,gemini-3.5-flash,images/30783144/30783144_5.jpg,30783144,bathroom,1,3.0,3,0.9,True,bathroom,"The bathroom features a compact footprint with a standard tub-shower combo enclosed by a framed sliding glass door. The vanity, toilet, and fixtures are basic and dated but well-maintained, fitting the criteria for Level 3.",3066,543,0,0,443,5.081,0.009486,
gemini-3.5-flash,gemini-3.5-flash,images/244993376/244993376_7.jpg,244993376,bathroom,1,3.0,3,0.95,True,bathroom,"This is a compact bathroom featuring a standard tub-shower combo and a basic, small vanity. Although it has been refreshed with clean subway and herringbone tiling, the small footprint and standard fixtures cap its luxury level at Level 3.",3069,731,0,0,629,5.755,0.011182,
gemini-3.5-flash,gemini-3.5-flash,images/439578555/439578555_13.jpg,439578555,bathroom,1,3.3,3,0.9,True,bathroom,"This bathroom features a modern floating vanity, contemporary fixtures, and terrazzo-style tiled walls and flooring. While clean and updated, the compact footprint and standard materials represent a cosmetic refresh rather than a high-end luxury upgrade, aligning with Level 3 guidelines.",3023,796,0,0,690,6.997,0.011699,
gemini-3.5-flash,gemini-3.5-flash,images/245040272/245040272_11.jpg,245040272,bathroom,1,2.8,3,0.9,True,bathroom,"This is a compact, basic bathroom featuring a standard tub-shower combo with simple white subway tile and beadboard wainscoting. The small single vanity, basic fixtures, and institutional-style flushometer toilet represent a clean and maintained but very standard, budget-friendly design.",3039,499,0,0,388,5.285,0.009050,
gemini-3.5-flash,gemini-3.5-flash,images/245000657/245000657_10.jpg,245000657,bathroom,1,3.2,3,0.9,True,bathroom,"This is a cleanly updated but compact bathroom featuring a standard tub-shower combo with a curtain, which caps the luxury level. While it has modern updates like fully tiled walls, a contemporary toilet, and a clean vanity, the small footprint and basic layout align with Level 3.",3032,724,0,0,613,6.938,0.011064,
gemini-3.5-flash,gemini-3.5-flash,images/458844757/458844757_7.jpg,458844757,bathroom,1,4.6,5,0.9,True,bathroom,"The bathroom features a cohesive modern design with a frameless glass walk-in shower, a floating wood vanity, and a wall-mounted toilet. The fully tiled walls and contemporary fixtures elevate the space, though the compact footprint and use of large-format porcelain tiles instead of premium natural stone keep it at a high mid-range level.",3023,1068,0,0,946,8.011,0.014146,
gemini-3.5-flash,gemini-3.5-flash,images/2054934812/2054934812_19.jpg,2054934812,bathroom,1,2.6,3,0.9,True,bathroom,"The bathroom features a highly dated design with a basic oak vanity, integrated synthetic sink, and older square wall tiling with black trim. The presence of a standard tub-shower combo and dated wallpaper indicates a functional but basic and un-renovated space.",3039,848,0,0,742,8.994,0.012190,
gemini-3.5-flash,gemini-3.5-flash,images/79713844/79713844_13.jpg,79713844,bathroom,1,3.0,3,0.9,True,bathroom,"The bathroom features a standard pedestal sink, a basic tub-shower combo with standard white tiling, and a compact footprint. While clean and well-maintained, the fixtures, lighting, and materials are dated and builder-grade, aligning with Level 3.",3023,540,0,0,434,6.828,0.009395,
gemini-3.5-flash,gemini-3.5-flash,images/320251340/320251340_5.jpg,320251340,bathroom,1,3.3,3,0.9,True,bathroom,"This bathroom features a modern floating vanity, fully tiled walls, and contemporary fixtures, presenting a clean and updated aesthetic. However, the compact footprint and standard tub-shower combo with a shower curtain cap the luxury level at a mid-range standard refresh.",3023,605,0,0,499,4.838,0.009980,
gemini-3.5-flash,gemini-3.5-flash,images/89066621/89066621_5.jpg,89066621,bathroom,1,3.4,3,0.9,True,bathroom,"This bathroom features modern updates including a vessel sink, stone countertop, and contemporary wall tiling. However, it maintains a compact footprint with a standard tub-shower combo and a shower curtain rather than a glass enclosure, which caps its luxury level.",3069,788,0,0,685,6.307,0.011695,
gemini-3.5-flash,gemini-3.5-flash,images/111711535/111711535_9.jpg,111711535,bathroom,1,3.0,3,0.9,True,bathroom,"The bathroom features a compact footprint with a standard tub-shower combo enclosed by a shower curtain. While it has been updated with clean white subway tile and a matching dark wood vanity and medicine cabinet, the basic fixtures and simple layout keep it firmly in the maintained, standard category.",3023,665,0,0,555,6.26,0.010519,
gemini-3.5-flash,gemini-3.5-flash,images/119987338/119987338_15.jpg,119987338,bathroom,1,3.4,3,0.9,True,bathroom,"This is a cleanly updated small bathroom featuring fully tiled subway-style walls, contemporary gold fixtures, and a glass shower screen. However, because it retains a standard tub-shower combo and a very compact footprint, it is capped at Level 3 per the calibration guidelines.",3051,728,0,0,619,5.991,0.011128,
gemini-3.5-flash,gemini-3.5-flash,images/444358981/444358981_10.jpg,444358981,bathroom,1,2.3,2,0.9,True,bathroom,"The bathroom features basic, builder-grade fixtures including a simple white vanity with visible wear and peeling paint on the drawer front, an integrated sink, and a standard two-piece toilet. The walk-in shower has a basic framed sliding glass door, and the walls are finished with plain white square tiles, representing a functional but dated and worn Level 2 aesthetic.",3023,786,0,0,658,6.667,0.011609,
gemini-3.5-flash,gemini-3.5-flash,images/30718819/30718819_6.jpg,30718819,bathroom,1,3.8,4,0.85,True,bathroom,"The bathroom features fully tiled walls with a modern linear accent strip, a stylized single vanity, and a contemporary one-piece toilet. While the finishes are cohesive and updated, the compact footprint and single vanity limit the overall luxury level to a high mid-range.",3051,905,0,0,797,7.543,0.012722,
gemini-3.5-flash,gemini-3.5-flash,images/320255113/320255113_4.jpg,320255113,bathroom,1,3.0,3,0.9,True,bathroom,"This compact bathroom features a standard tub-shower combo with sliding glass doors and a small floating vanity. Although the walls are fully tiled and the fixtures are updated, the limited footprint and tub-shower configuration cap the luxury level at Level 3.",3023,593,0,0,489,4.915,0.009872,
gemini-3.5-flash,gemini-3.5-flash,images/443617919/443617919_4.jpg,443617919,bathroom,1,5.3,5,0.85,True,bathroom,"This bathroom features a cohesive, modern design with a custom light-wood double vanity, integrated double sink, and matte black fixtures. The space is elevated by a large backlit LED mirror, fluted wall paneling, and a matching built-in tall storage unit with integrated shelf lighting.",3023,872,0,0,759,6.871,0.012382,
gemini-3.5-flash,gemini-3.5-flash,images/245060365/245060365_12.jpg,245060365,bathroom,1,4.3,4,0.9,True,bathroom,"This bathroom features a separate tiled walk-in shower with a frameless glass door and a separate built-in bathtub, representing a clear mid-range layout upgrade. While the design is clean and cohesive, the use of standard white subway tile and basic ceramic flooring keeps the material quality firmly in the mid-range.",3023,993,0,0,875,7.159,0.013472,
gemini-3.5-flash,gemini-3.5-flash,images/457917688/457917688_4.jpg,457917688,bathroom,1,3.0,3,0.9,True,bathroom,"The bathroom features a standard tub-shower combo with a basic shower curtain, a builder-grade vanity with an integrated sink, and a standard toilet. While the walls are fully tiled and the space is clean and maintained, the compact footprint and dated fixtures align it with Level 3.",3023,573,0,0,461,5.163,0.009692,
gemini-3.5-flash,gemini-3.5-flash,images/30786133/30786133_18.jpg,30786133,bathroom,1,3.0,3,0.9,True,bathroom,"This bathroom features a dated but well-maintained design with a standard tub-shower combo, a basic white vanity, and retro mosaic wall tiling. The compact footprint and older fixtures align with a Level 3 classification.",3051,640,0,0,542,7.468,0.010337,
gemini-3.5-flash,gemini-3.5-flash,images/245523004/245523004_11.jpg,245523004,bathroom,1,3.5,3,0.9,True,bathroom,"This compact bathroom features a modern floating vanity, contemporary fixtures, and bold black-and-white patterned wall tiling. However, because it retains a standard tub-shower combo and has a very limited footprint, it is capped at Level 3 in accordance with the calibration rules.",3023,878,0,0,768,10.899,0.012436,
gemini-3.5-flash,gemini-3.5-flash,images/457610719/457610719_6.jpg,457610719,bathroom,1,3.5,3,0.95,True,bathroom,"This is a cleanly updated compact bathroom featuring a floating vanity, modern black fixtures, and fully tiled walls with marble-patterned porcelain. Despite the contemporary aesthetic, the presence of a tub-shower combo and a small footprint caps the luxury level at Level 3 per the calibration guidelines.",3023,862,0,0,749,6.412,0.012292,
gemini-3.5-flash,gemini-3.5-flash,images/68313646/68313646_4.jpg,68313646,bathroom,1,5.0,5,0.9,True,bathroom,"This bathroom features a cohesive modern design highlighted by a spacious walk-in shower with a frameless glass partition and a rain shower head. The long, floating stone vanity with an integrated sink and contemporary fixtures adds a premium feel, though the single-sink setup and lack of a tub keep it firmly in the nicely renovated category.",3023,742,0,0,622,5.809,0.011213,
gemini-3.5-flash,gemini-3.5-flash,images/455580860/455580860_11.jpg,455580860,bathroom,1,5.3,5,0.9,True,bathroom,"This bathroom features a cohesive modern design with a double wood vanity, solid surface countertops, and contemporary fixtures. The frameless glass walk-in shower, wall-mounted toilet, and extensive tiling on the walls and herringbone floor represent a high-quality, nicely renovated space.",3023,953,0,0,844,7.352,0.013111,
gemini-3.5-flash,gemini-3.5-flash,images/338701821/338701821_7.jpg,338701821,bathroom,1,3.2,3,0.9,True,bathroom,"This bathroom features a clean, modern refresh with fully tiled subway walls, a contemporary single vanity, and updated fixtures. However, the compact footprint and the presence of a standard tub-shower combo with a shower curtain cap its luxury potential. According to the calibration rules, these standard refreshed features align it with Level 3.",3023,786,0,0,667,6.374,0.011609,
gemini-3.5-flash,gemini-3.5-flash,images/245015247/245015247_8.jpg,245015247,bathroom,1,3.2,3,0.9,True,bathroom,"This compact bathroom features a standard tub-shower combo and a basic white vanity, which limits its luxury level. While the walls are fully tiled in marble, the dated tri-fold medicine cabinet, Hollywood light bar, and exposed flushometer toilet keep it in the mid-range category.",3023,902,0,0,790,8.603,0.012653,
gemini-3.5-flash,gemini-3.5-flash,images/449031388/449031388_10.jpg,449031388,bathroom,1,4.8,5,0.85,True,bathroom,"This bathroom features a cohesive modern designer aesthetic with extensive green Zellige-style wall tiling, a frameless glass walk-in shower with dual rain shower heads, and a floating wood vanity. The high-quality wood paneling on the door and wall, combined with large-format floor tiles, elevates it to a nicely renovated level despite its compact footprint.",3023,996,0,0,869,8.448,0.013499,
gemini-3.5-flash,gemini-3.5-flash,images/64547202/64547202_16.jpg,64547202,bathroom,1,2.8,3,0.9,True,bathroom,"This bathroom features basic, builder-grade finishes including a simple white vanity with an integrated synthetic sink top, a standard tri-view medicine cabinet, and a tub-shower combo enclosed by a shower curtain. The materials and compact footprint represent a standard, budget-conscious design that is clean and functional but lacks any luxury upgrades.",3023,491,0,0,371,6.848,0.008953,
gemini-3.5-flash,gemini-3.5-flash,images/245026136/245026136_3.jpg,245026136,bathroom,1,4.0,4,0.9,True,bathroom,"This compact bathroom features an updated mid-range design with a fully tiled walk-in shower, a sliding glass door, and a multi-jet shower panel. The small vanity has a dark granite countertop with an undermount sink, complemented by matching mosaic tile accents on the walls. While modern and functional, the tight footprint and standard finishes keep it at a mid-range level.",3051,834,0,0,703,8.11,0.012082,
gemini-3.5-flash,gemini-3.5-flash,images/448006342/448006342_5.jpg,448006342,bathroom,1,4.0,4,0.9,True,bathroom,"This compact bathroom features a modern renovation with a tiled walk-in shower enclosed by a sliding glass door with black hardware. It includes a contemporary white floating vanity, a modern one-piece toilet, and a backlit round mirror. While stylish and cohesive, the small footprint and standard modern materials align it with a mid-range Level 4 update.",3069,992,0,0,868,7.469,0.013532,
gemini-3.5-flash,gemini-3.5-flash,images/72670045/72670045_6.jpg,72670045,bathroom,1,3.2,3,0.9,True,bathroom,"This bathroom features a compact footprint and a standard tub-shower combo with a shower curtain, which caps its luxury potential. Although it has been refreshed with contemporary herringbone wall tile, hexagonal floor tile, and a modern wood vanity, these cosmetic updates represent a standard refresh rather than high-end luxury.",3023,548,0,0,434,7.297,0.009466,
gemini-3.5-flash,gemini-3.5-flash,images/459718105/459718105_4.jpg,459718105,bathroom,1,3.3,3,0.95,True,bathroom,"This is a cleanly updated compact bathroom featuring a floating wood vanity, modern matte black fixtures, and fully tiled walls. However, because it retains a standard tub-shower combo and a small footprint, it is capped at Level 3 per the calibration rules.",3069,691,0,0,584,6.701,0.010823,
gemini-3.5-flash,gemini-3.5-flash,images/451821668/451821668_5.jpg,451821668,bathroom,1,4.8,5,0.85,True,bathroom,"This bathroom features high-end finishes including a thick, heavily-veined marble countertop, a floating wood vanity, and premium wall-mounted fixtures. The compact footprint and single vanity keep it from reaching higher luxury tiers, but the quality of materials and modern walk-in shower place it in the nicely renovated category.",3069,966,0,0,847,8.592,0.013298,
gemini-3.5-flash,gemini-3.5-flash,images/79488683/79488683_7.jpg,79488683,bathroom,1,3.7,4,0.9,True,bathroom,"The bathroom features high-quality updates including a double vanity with solid countertops, extensive glass subway tile on the walls, and basketweave mosaic flooring. However, the layout remains compact and retains a tub-shower combo, which caps the overall luxury level to the mid-range.",3023,1113,0,0,1003,8.525,0.014552,
gemini-3.5-flash,gemini-3.5-flash,images/300074943/300074943_6.jpg,300074943,bathroom,1,5.8,6,0.9,True,bathroom,"This bathroom features premium finishes including a custom walnut double vanity with a thick black marble slab countertop, a frameless glass walk-in shower with pebble flooring, and marble herringbone floor tile. The walls are fully tiled with high-quality stone, presenting a highly cohesive, upscale designer aesthetic.",3023,1040,0,0,928,8.117,0.013895,
gemini-3.5-flash,gemini-3.5-flash,images/2079507264/2079507264_6.jpg,2079507264,bathroom,1,3.4,3,0.9,True,bathroom,"This bathroom features a clean, modern refresh with contemporary hexagonal wall tiling, a stylish wood vanity, and updated fixtures. However, it maintains a compact footprint and a standard tub-shower combo with a shower curtain, which caps its luxury classification at Level 3.",3023,822,0,0,715,8.046,0.011933,
gemini-3.5-flash,gemini-3.5-flash,images/245026215/245026215_10.jpg,245026215,bedroom,1,4.0,4,0.9,True,bedroom,"The bedroom features refinished hardwood flooring and clean, neutral painted walls, which align with an updated mid-range standard. However, the permanent fixtures remain basic, including a standard flush-mount ceiling light, simple doors, and plain trim without crown molding.",3016,825,0,0,719,8.963,0.011949,
gemini-3.5-flash,gemini-3.5-flash,images/245000657/245000657_5.jpg,245000657,bedroom,1,4.0,4,0.9,True,bedroom,"The bedroom features clean, updated mid-range finishes including well-maintained hardwood flooring and neutral painted walls. The architectural details are standard, with a flat ceiling, basic trim, and a simple track lighting fixture, placing it firmly in the mid-range category.",3016,663,0,0,580,5.561,0.010491,
gemini-3.5-flash,gemini-3.5-flash,images/245040272/245040272_10.jpg,245040272,bedroom,1,3.5,4,0.9,True,bedroom,"The bedroom features refinished hardwood flooring and freshly painted neutral walls, but remains basic with older double-hung windows, a window AC unit, a radiator, and a standard ceiling fan. The lack of modern trim, central HVAC, or architectural details keeps it at a basic, functional mid-range level.",3016,635,0,0,519,6.597,0.010239,
gemini-3.5-flash,gemini-3.5-flash,images/30783144/30783144_10.jpg,30783144,bedroom,1,2.5,3,0.8,True,bedroom,"The bedroom features dated permanent finishes including vertical wall paneling, older wall-to-wall carpeting, and a basic ceiling fan. The sloped attic ceiling, baseboard heating, and through-the-wall AC unit further indicate a basic, un-upgraded space.",3059,611,0,0,501,6.126,0.010087,
gemini-3.5-flash,gemini-3.5-flash,images/72670045/72670045_2.jpg,72670045,bedroom,1,4.0,4,0.9,True,bedroom,"The bedroom features clean, updated mid-range finishes including refinished hardwood flooring, standard painted trim, and a modern ceiling fan. The presence of a window air conditioning unit and standard double-hung windows aligns it with typical mid-range apartments or homes rather than upscale tiers.",3016,751,0,0,656,5.815,0.011283,
gemini-3.5-flash,gemini-3.5-flash,images/68313646/68313646_3.jpg,68313646,bedroom,1,5.3,5,0.9,True,bedroom,"The bedroom features premium permanent elements including exceptionally high ceilings with exposed structural beams, large loft-style windows, and high-quality wide-plank hardwood flooring. While the walls and trim are relatively simple without custom millwork, the architectural volume and window quality elevate it to a nicely renovated, above-standard level.",3016,670,0,0,552,7.389,0.010554,
gemini-3.5-flash,gemini-3.5-flash,images/2079507264/2079507264_1.jpg,2079507264,bedroom,1,5.5,6,0.85,True,bedroom,"The bedroom features premium permanent finishes, including high-end dark wood herringbone flooring and large, black-framed multi-pane windows that flood the room with light. The accent wall with vertical wood paneling and the recessed ceiling lights further elevate the space above standard mid-range renovations.",3016,639,0,0,527,7.061,0.010275,
gemini-3.5-flash,gemini-3.5-flash,images/64547202/64547202_11.jpg,64547202,bedroom,1,4.0,4,0.9,True,bedroom,"The bedroom features clean, modern finishes including well-maintained hardwood flooring, standard six-panel doors with basic trim, and simple painted walls. The ceiling height and flush-mount light fixture are standard builder-grade, placing this room in the updated mid-range category.",3016,470,0,0,361,5.851,0.008754,
gemini-3.5-flash,gemini-3.5-flash,images/244993376/244993376_4.jpg,244993376,bedroom,1,4.0,4,0.9,True,bedroom,"The bedroom features clean, updated mid-range finishes including refinished hardwood flooring, simple crown molding, and standard double-hung windows. While nicely staged with colorful textiles and plants, the permanent architectural elements are basic and typical of a standard renovated apartment or home.",3016,529,0,0,422,6.906,0.009285,
gemini-3.5-flash,gemini-3.5-flash,images/89066621/89066621_1.jpg,89066621,bedroom,1,4.7,5,0.85,True,bedroom,"The bedroom features clean, modern permanent finishes including smooth plaster walls, simple baseboards, and a large, high-quality double-pane window showcasing a city view. While the staging is highly stylized, the architectural bones of the room are relatively simple with a flat, unadorned ceiling and standard ceiling height, placing it in the high-end mid-range to modest above-standard category.",3016,812,0,0,676,6.974,0.011832,
gemini-3.5-flash,gemini-3.5-flash,images/443617919/443617919_3.jpg,443617919,bedroom,1,6.3,6,0.9,True,bedroom,"This bedroom features premium permanent finishes, including expansive floor-to-ceiling window walls with dark metal frames that showcase a high-rise city and water view. The high ceilings with recessed drapery tracks and high-quality light wood flooring further elevate the space to an upscale, designer level.",3016,753,0,0,641,7.559,0.011301,
gemini-3.5-flash,gemini-3.5-flash,images/338701821/338701821_4.jpg,338701821,bedroom,1,4.3,4,0.9,True,bedroom,"The bedroom features clean, updated mid-range permanent finishes, including smooth wood flooring, a standard double-hung window, and simple wall sconces. While the room is stylishly staged with mid-century modern furniture and a bold paint color, the underlying architectural elements and materials are standard for a renovated mid-range home.",3016,706,0,0,586,7.678,0.010878,
gemini-3.5-flash,gemini-3.5-flash,images/449031388/449031388_7.jpg,449031388,bedroom,1,4.5,5,0.85,True,bedroom,"The bedroom features clean, modern permanent finishes including high ceilings, a large black-framed window, and hardwood flooring. While the room is small and lacks ornate millwork or built-ins, the quality of the window and integrated ceiling ventilation represents a solid mid-range to slightly above-average update.",3016,883,0,0,767,8.906,0.012471,
gemini-3.5-flash,gemini-3.5-flash,images/119987338/119987338_16.jpg,119987338,bedroom,1,4.0,4,0.9,True,bedroom,"The bedroom features clean, modern permanent finishes including dark wood-look flooring, freshly painted walls, and an updated light fixture. However, it lacks upscale architectural details such as crown molding, tray ceilings, or custom built-ins, placing it firmly in the updated mid-range category.",3016,718,0,0,606,11.214,0.010986,
gemini-3.5-flash,gemini-3.5-flash,images/455580860/455580860_12.jpg,455580860,bedroom,1,4.8,5,0.9,True,bedroom,"The bedroom features high-quality permanent elements including a high ceiling, a premium black-framed multi-pane window, and an integrated ceiling HVAC cassette. While the room is compact, these upscale architectural details and the hardwood flooring elevate it above standard mid-range finishes.",3016,813,0,0,705,6.748,0.011841,
gemini-3.5-flash,gemini-3.5-flash,images/245523004/245523004_8.jpg,245523004,bedroom,1,4.8,5,0.85,True,bedroom,"The bedroom features an upgraded tray ceiling with integrated recessed lighting and hardwood flooring, which are premium permanent finishes. However, the room's compact size, standard window framing, and wall-mounted AC unit keep it in the nicely renovated mid-range rather than upscale.",3016,567,0,0,458,7.162,0.009627,
gemini-3.5-flash,gemini-3.5-flash,images/320255113/320255113_8.jpg,320255113,bedroom,1,3.5,4,0.9,True,bedroom,"The bedroom features clean, refinished hardwood flooring and freshly painted neutral walls, but the permanent fixtures remain basic. The natural wood trim and simple flush-mount ceiling light represent standard, un-upgraded builder-grade finishes, placing it in the updated mid-range category.",3016,973,0,0,863,8.543,0.013281,
gemini-3.5-flash,gemini-3.5-flash,images/320253598/320253598_5.jpg,320253598,bedroom,1,4.6,5,0.85,True,bedroom,"The bedroom features high-quality modern finishes, including clean hardwood flooring, a large black-framed window, and custom built-in shelving and window seating. While configured as a compact children's room, the permanent architectural elements and excellent condition elevate it to a nicely renovated standard.",3016,751,0,0,639,7.307,0.011283,
gemini-3.5-flash,gemini-3.5-flash,images/320251340/320251340_4.jpg,320251340,bedroom,1,5.2,5,0.9,True,bedroom,"The bedroom features high-quality permanent finishes including wide-plank hardwood flooring, high ceilings with recessed lighting, and a large floor-to-ceiling glass door and window assembly leading to a balcony. These premium architectural elements elevate it to a nicely renovated, above-standard level.",3016,545,0,0,434,5.19,0.009429,
gemini-3.5-flash,gemini-3.5-flash,images/30786133/30786133_15.jpg,30786133,bedroom,1,2.8,3,0.85,True,bedroom,"The bedroom features highly dated permanent finishes, most notably the acoustic tile drop ceiling and a basic ceiling fan. While the parquet wood flooring adds some character, it appears worn, and the overall space lacks modern updates or premium materials.",3044,859,0,0,758,7.714,0.012297,
gemini-3.5-flash,gemini-3.5-flash,images/347205007/347205007_23.jpg,347205007,bedroom,1,4.3,4,0.9,True,bedroom,"The bedroom features clean, modern finishes including light wood-look flooring, recessed LED lighting, and shaker-style closet doors with modern hardware. The black-framed casement window adds a contemporary touch, but the overall architectural detail remains standard mid-range.",3016,546,0,0,455,9.209,0.009438,
gemini-3.5-flash,gemini-3.5-flash,images/111711535/111711535_7.jpg,111711535,bedroom,1,3.8,4,0.85,True,bedroom,"The bedroom features clean, freshly painted white walls and polished parquet wood flooring, which is well-maintained but dated. The presence of a through-the-wall AC unit and standard double-hung windows indicates a typical mid-range apartment setting without premium architectural details or built-ins.",3016,889,0,0,776,8.395,0.012525,
gemini-3.5-flash,gemini-3.5-flash,images/79713844/79713844_16.jpg,79713844,bedroom,1,3.3,3,0.9,True,bedroom,"The bedroom features refinished hardwood flooring in good condition, but the overall finishes are basic and dated. The presence of a window air conditioning unit, radiator heating with a simple cover, and a standard ceiling fan indicates a maintained but un-upgraded space typical of older mid-range apartments.",3016,518,0,0,405,6.905,0.009186,
gemini-3.5-flash,gemini-3.5-flash,images/122588155/122588155_12.jpg,122588155,bedroom,1,5.3,5,0.85,True,bedroom,"The bedroom features exceptional historic architectural details, including extensive original wood wainscoting, thick wood window casings around a bay window, and a highly decorative patterned ceiling. While the room is heavily furnished and has older wallpaper, these permanent craftsmanship elements elevate it well above standard mid-range finishes.",3037,625,0,0,511,7.158,0.010181,
gemini-3.5-flash,gemini-3.5-flash,images/457610719/457610719_4.jpg,457610719,bedroom,1,4.7,5,0.9,True,bedroom,"The bedroom features clean, modern finishes including light hardwood flooring and neutral painted walls. The standout permanent feature is the large, black-framed sliding glass door that opens to a private balcony, providing ample natural light. However, the plain flat ceiling and lack of decorative trim or built-ins keep it in the nicely renovated category.",3016,657,0,0,537,7.161,0.010437,
gemini-3.5-flash,gemini-3.5-flash,images/451821668/451821668_4.jpg,451821668,bedroom,1,4.8,5,0.9,True,bedroom,"The bedroom features premium floor-to-ceiling glass doors with modern black metal frames that open to a balcony, representing an above-standard permanent feature. However, the room's overall size is modest, and the walls, ceiling, and trim are simple and lack custom architectural detailing, placing it in the nicely renovated category.",3016,602,0,0,482,7.12,0.009942,
gemini-3.5-flash,gemini-3.5-flash,images/79488683/79488683_5.jpg,79488683,bedroom,1,4.0,4,0.9,True,bedroom,"The bedroom features clean, updated permanent finishes including well-maintained hardwood flooring and simple painted walls. The ceiling is plain with a standard ceiling fan, and the heating is provided by basic baseboard units, indicating a typical mid-range standard rather than upscale custom details.",3016,792,0,0,684,6.604,0.011652,
gemini-3.5-flash,gemini-3.5-flash,images/448006342/448006342_4.jpg,448006342,bedroom,1,4.2,4,0.9,True,bedroom,"The bedroom features clean, modern permanent finishes including light hardwood flooring, simple white walls with basic baseboards, and a large modern window. While nicely staged, the room lacks premium architectural details, custom millwork, or high-end fixtures, placing it firmly in the updated mid-range category.",3016,722,0,0,608,6.445,0.011022,
gemini-3.5-flash,gemini-3.5-flash,images/245015247/245015247_4.jpg,245015247,bedroom,1,4.6,5,0.85,True,bedroom,"The bedroom features well-maintained, classic narrow-plank hardwood flooring and character-rich pre-war architectural details like plaster ceiling beams and high baseboards. While the walls and lighting are relatively simple, the permanent structural elements and spacious layout elevate it slightly above a standard mid-range update.",3016,886,0,0,771,14.046,0.012498,
gemini-3.5-flash,gemini-3.5-flash,images/30718819/30718819_10.jpg,30718819,bedroom,1,3.8,4,0.85,True,bedroom,"The bedroom features modern elements such as recessed ceiling lights and a large, contemporary multi-pane window. However, the basic drywall finishes, simple trim, and worn, themed carpeting limit its luxury appeal to a standard mid-range level.",3016,919,0,0,816,8.293,0.012795,
gemini-3.5-flash,gemini-3.5-flash,images/338705381/338705381_11.jpg,338705381,bedroom,1,4.8,5,0.9,True,bedroom,"The bedroom features high-quality wide-plank hardwood flooring and a large, modern black-framed picture window that provides ample natural light. The clean, minimalist walls and smooth ceiling indicate a high-quality modern renovation or new construction, placing it in the nicely renovated category.",3016,558,0,0,448,5.475,0.009546,
gemini-3.5-flash,gemini-3.5-flash,images/2054934812/2054934812_14.jpg,2054934812,bedroom,1,2.8,3,0.85,True,bedroom,"The bedroom features basic permanent finishes, including plain plaster walls, standard trim, and a basic ceiling fan. The original hardwood flooring is heavily worn with extensive dark spotting or staining, indicating it needs refinishing, which places the room in the dated/worn category.",3016,662,0,0,554,16.176,0.010482,
gemini-3.5-flash,gemini-3.5-flash,images/320252928/320252928_7.jpg,320252928,bedroom,1,5.0,5,0.9,True,bedroom,"The bedroom features high-quality wide-plank hardwood flooring, a painted brick accent wall, and modern recessed lighting. The large black-framed window and updated trim/doors further elevate the space beyond a standard mid-range renovation.",3016,757,0,0,655,6.855,0.011337,
gemini-3.5-flash,gemini-3.5-flash,images/439578555/439578555_17.jpg,439578555,bedroom,1,4.3,4,0.85,True,bedroom,"The bedroom features clean, modern finishes with plain white walls, recessed lighting, and a glass door leading to an outdoor patio. The presence of a wall-mounted mini-split AC and the compact size of the room align it with an updated mid-range standard.",3016,560,0,0,451,9.356,0.009564,
gemini-3.5-flash,gemini-3.5-flash,images/300074943/300074943_5.jpg,300074943,bedroom,1,4.8,5,0.9,True,bedroom,"The bedroom features high-quality dark wood flooring and a large, modern black-framed window that provides ample natural light. However, the walls and ceiling are plain with standard heights and no decorative trim or built-in features, keeping it in the nicely renovated mid-to-high range.",3016,813,0,0,700,7.184,0.011841,
gemini-3.5-flash,gemini-3.5-flash,images/458844757/458844757_2.jpg,458844757,bedroom,1,4.8,5,0.9,True,bedroom,"The bedroom features a premium permanent element in the form of a full exposed brick accent wall, complemented by recessed ceiling lights and a deep-set wood-framed window. While the room is compact in scale, the high-quality modern finishes and architectural character elevate it to a nicely renovated level.",3016,862,0,0,749,7.47,0.012282,
gemini-3.5-flash,gemini-3.5-flash,images/444358981/444358981_11.jpg,444358981,bedroom,1,3.8,4,0.9,True,bedroom,"The bedroom features clean, refinished hardwood flooring and freshly painted neutral walls, representing a standard updated mid-range space. However, the permanent fixtures are basic, including standard six-panel doors, simple bi-fold closet doors, and a plain flush-mount ceiling light.",3016,483,0,0,373,5.724,0.008871,
gemini-3.5-flash,gemini-3.5-flash,images/30599448/30599448_10.jpg,30599448,bedroom,1,5.3,5,0.85,True,bedroom,"The bedroom features high ceilings and significant historic architectural character, highlighted by three large windows with substantial dark wood trim and paneling, alongside a decorative fireplace mantel. While these permanent features are highly desirable and elevate the room above standard mid-range, the original hardwood flooring and plain plaster walls keep it within the nicely renovated, above-average tier.",3016,816,0,0,692,8.982,0.011868,
gemini-3.5-flash,gemini-3.5-flash,images/458844757/458844757_1.jpg,458844757,living_room,1,4.2,4,0.9,True,living_room,"The room features clean, modern hardwood flooring, recessed lighting, and simple painted walls, characteristic of an updated mid-range space. The presence of a wall-mounted mini-split AC unit and an exposed red sprinkler pipe are functional elements rather than premium architectural details. The overall permanent finishes align with Level 4, despite the stylish staging and furniture.",3024,701,0,0,574,6.166,0.010845,
gemini-3.5-flash,gemini-3.5-flash,images/459718105/459718105_1.jpg,459718105,living_room,1,5.0,5,0.85,True,living_room,"The living room features high-quality light hardwood flooring, a modern tray ceiling with recessed lighting, and large black-framed windows that provide ample natural light. The clean, minimalist architectural lines and open layout with a modern stair railing elevate it above standard mid-range finishes.",3024,665,0,0,553,6.65,0.010521,
gemini-3.5-flash,gemini-3.5-flash,images/245523004/245523004_4.jpg,245523004,living_room,1,4.5,4,0.85,True,living_room,"The living room features updated dark hardwood flooring and a modern tray ceiling detail with recessed lighting. However, the presence of a wall-mounted mini-split AC unit, standard window frames, and plain walls keep it in the updated mid-range category.",3024,691,0,0,598,6.745,0.010755,
gemini-3.5-flash,gemini-3.5-flash,images/320252928/320252928_12.jpg,320252928,living_room,1,5.0,5,0.9,True,living_room,"The living room is spacious with updated light wood flooring, painted brick accent walls, and multiple recessed ceiling lights. While it features attractive French doors and multi-pane windows, the standard ceiling height and lack of custom millwork or premium architectural features keep it at a nicely renovated level.",3024,824,0,0,726,7.78,0.011952,
gemini-3.5-flash,gemini-3.5-flash,images/320251340/320251340_3.jpg,320251340,living_room,1,5.3,5,0.85,True,living_room,"The living room features high-quality wide-plank wood flooring and a substantial custom built-in unit with wood-grain lower cabinets and white shelving. Large, near floor-to-ceiling windows provide excellent natural light, elevating the space beyond standard finishes to a nicely renovated level.",3024,898,0,0,798,7.202,0.012618,
gemini-3.5-flash,gemini-3.5-flash,images/79488683/79488683_1.jpg,79488683,living_room,1,4.0,4,0.9,True,living_room,"The living room features clean, updated permanent finishes including standard hardwood flooring and plain painted drywall without crown molding or decorative trim. The ceiling height is standard with a basic ceiling fan, and the window is of average size and design. While nicely staged with coordinated furniture, the underlying architectural elements are typical of a standard mid-range renovation.",3024,643,0,0,535,8.289,0.010323,
gemini-3.5-flash,gemini-3.5-flash,images/122588155/122588155_2.jpg,122588155,living_room,1,5.0,5,0.85,True,living_room,"The room features high-quality historic permanent elements, including a large ornate wooden fireplace mantel, deep wood trim around a bay window, parquet wood flooring, and crown molding. While the wallpaper and exposed radiator pipe show some age, the underlying architectural bones and millwork are genuinely above standard.",3024,950,0,0,835,11.834,0.013086,
gemini-3.5-flash,gemini-3.5-flash,images/245015247/245015247_1.jpg,245015247,living_room,1,4.3,4,0.9,True,living_room,"The living room features classic pre-war architectural details, including a beamed ceiling, high baseboards, and a large steel casement window. However, the presence of an exposed radiator and a window AC unit reflects standard, non-luxury mechanical systems, placing the room in the updated mid-range category.",3024,927,0,0,809,7.372,0.012879,
gemini-3.5-flash,gemini-3.5-flash,images/443617919/443617919_14.jpg,443617919,living_room,1,7.2,7,0.9,True,living_room,"This living room features high-end architectural details including a custom recessed tray ceiling with integrated cove lighting, rounded structural columns with decorative trim, and extensive built-in shelving. The expansive floor-to-ceiling windows offer premium waterfront views, and the high-quality wood flooring completes the luxury aesthetic.",3024,718,0,0,616,6.367,0.010998,
gemini-3.5-flash,gemini-3.5-flash,images/444358981/444358981_4.jpg,444358981,living_room,1,3.5,4,0.8,True,living_room,"The living room features vaulted ceilings with recessed lighting and hardwood flooring, which are positive permanent features. However, the presence of visible baseboard heating units, a wall-mounted AC unit, and basic vertical blinds keeps the overall luxury level in the mid-to-low range.",3024,696,0,0,584,6.433,0.010800,
gemini-3.5-flash,gemini-3.5-flash,images/245026136/245026136_2.jpg,245026136,living_room,1,3.5,4,0.85,True,living_room,"The living room features basic permanent finishes, including standard flat drywall, simple oak baseboards, and a plain flush entry door. The ceiling is low and lacks any architectural detail or molding, placing the structural quality in the basic to moderately updated range.",3040,830,0,0,723,7.549,0.012030,
gemini-3.5-flash,gemini-3.5-flash,images/245060365/245060365_1.jpg,245060365,living_room,1,4.3,4,0.9,True,living_room,"The living room features classic parquet wood flooring, clean painted walls with simple crown molding, and an arched doorway leading to an adjacent dining area. While well-maintained and neatly presented, the permanent architectural features are standard for a mid-range apartment, lacking high-end custom millwork, fireplaces, or expansive windows.",3024,754,0,0,634,6.073,0.011322,
gemini-3.5-flash,gemini-3.5-flash,images/457610719/457610719_1.jpg,457610719,living_room,1,4.3,4,0.9,True,living_room,"The living room features clean, modern finishes including light wood-look flooring, simple painted walls, and standard recessed lighting. While the space is newly updated and well-staged, it lacks premium architectural details such as crown molding, a fireplace, or custom built-ins, placing it in the updated mid-range category.",3024,738,0,0,616,8.647,0.011178,
gemini-3.5-flash,gemini-3.5-flash,images/455580860/455580860_1.jpg,455580860,living_room,1,5.2,5,0.85,True,living_room,"The room features high-quality wide-plank hardwood flooring and a large, premium black-framed multi-pane window wall that provides abundant natural light. While the finishes are clean and modern with recessed lighting, the lack of architectural details like crown molding, a fireplace, or custom built-ins keeps it at a nicely renovated Level 5.",3024,875,0,0,748,7.454,0.012411,
gemini-3.5-flash,gemini-3.5-flash,images/119987338/119987338_11.jpg,119987338,living_room,1,4.0,4,0.9,True,living_room,"The living room features updated dark wood flooring and clean, neutral painted walls, representing a standard modern renovation. It lacks premium permanent architectural details such as crown molding, built-ins, or a fireplace, keeping it firmly in the mid-range category.",3024,685,0,0,593,6.56,0.010701,
gemini-3.5-flash,gemini-3.5-flash,images/244993376/244993376_2.jpg,244993376,living_room,1,4.5,5,0.85,True,living_room,"The living room features well-maintained hardwood flooring, clean plaster walls with simple trim, and charming architectural details like an arched doorway and multi-pane French doors. While the space is highly styled with modern staging, the permanent finishes themselves represent a nicely updated mid-range to slightly above-standard quality.",3024,1010,0,0,892,13.65,0.013626,
gemini-3.5-flash,gemini-3.5-flash,images/79713844/79713844_2.jpg,79713844,living_room,1,3.4,3,0.85,True,living_room,"The room features basic hardwood flooring and simple painted walls with standard baseboards. The ceiling is flat with a basic flush-mount light fixture, and there is a simple decorative fireplace mantel on a plain wall, representing a clean but very basic, un-upgraded space.",3024,835,0,0,723,6.401,0.012051,
gemini-3.5-flash,gemini-3.5-flash,images/245000657/245000657_3.jpg,245000657,living_room,1,3.2,3,0.9,True,living_room,"The living room features basic wood-look flooring, plain painted walls with simple crown molding, and standard ceiling heights with no architectural details. The window and lighting are builder-grade, and there are no premium permanent features like built-ins or a fireplace, placing it in the dated but maintained category.",3024,726,0,0,609,7.064,0.011070,
gemini-3.5-flash,gemini-3.5-flash,images/30786133/30786133_1.jpg,30786133,living_room,1,2.2,2,0.9,True,living_room,"The living room features highly worn parquet flooring with significant finish loss, a dated drop-tile ceiling, and basic painted walls with exposed wiring. The overall aesthetic is basic and worn, with dated elements like the wooden slat room divider and exposed heating units, placing it in the Level 2 category.",3024,749,0,0,647,8.638,0.011277,
gemini-3.5-flash,gemini-3.5-flash,images/2079507264/2079507264_5.jpg,2079507264,living_room,1,5.7,6,0.85,True,living_room,"The living room features premium herringbone hardwood flooring and extensive custom floating wood shelving and cabinetry along the main wall. Large black-framed glass doors provide ample natural light, though the ceiling is relatively standard with basic recessed lighting.",3024,847,0,0,746,7.197,0.012159,
gemini-3.5-flash,gemini-3.5-flash,images/30718819/30718819_4.jpg,30718819,living_room,1,5.0,5,0.85,True,living_room,"The living room features high-quality wide-plank hardwood flooring and an appealing architectural cutout showcasing a modern open-riser staircase. While the walls are plain drywall without decorative millwork, the upgraded lighting and clean contemporary lines elevate it to a nicely renovated standard.",3024,783,0,0,686,7.376,0.011583,
gemini-3.5-flash,gemini-3.5-flash,images/320253598/320253598_8.jpg,320253598,living_room,1,3.8,4,0.9,True,living_room,"The room features clean, modern finishes with plain painted drywall, recessed lighting, and basic tile flooring, characteristic of a finished basement or lower-level family room. The permanent architectural elements are simple, lacking custom millwork, fireplaces, or premium window designs, while the stylish appearance is primarily driven by temporary staging and furniture.",3024,883,0,0,762,7.554,0.012483,
gemini-3.5-flash,gemini-3.5-flash,images/338705381/338705381_1.jpg,338705381,living_room,1,6.0,6,0.9,True,living_room,"The living room features premium permanent finishes, including high-quality wide-plank hardwood flooring and a clean, modern ceiling with integrated linear slot HVAC diffusers. The open-concept layout and custom floating walnut cabinetry further elevate the space to an upscale, designer level.",3024,705,0,0,595,5.888,0.010881,
gemini-3.5-flash,gemini-3.5-flash,images/30785005/30785005_2.jpg,30785005,living_room,1,3.5,4,0.8,True,living_room,"The living room features standard hardwood flooring and plain painted walls with basic trim. The ceiling is flat with simple recessed lights and a standard ceiling fan, lacking any decorative molding or architectural interest. The windows and overall layout represent a well-maintained but basic, mid-range standard.",3024,889,0,0,777,7.628,0.012537,
gemini-3.5-flash,gemini-3.5-flash,images/338701821/338701821_1.jpg,338701821,living_room,1,5.5,6,0.9,True,living_room,"The living room features high-quality wide-plank wood flooring, high ceilings with a structural beam, and a substantial custom floor-to-ceiling built-in bookcase. The large double-hung windows provide ample natural light, elevating the space to an upscale, well-renovated standard.",3024,968,0,0,851,7.97,0.013248,
gemini-3.5-flash,gemini-3.5-flash,images/68313646/68313646_1.jpg,68313646,living_room,1,4.7,5,0.85,True,living_room,"The living room features high loft-style ceilings with exposed structural beams and large industrial-style windows that provide abundant natural light. While the hardwood flooring is of good quality, the walls are plain drywall with basic trim and no custom millwork or architectural features, placing it in the upper mid-range category.",3024,799,0,0,680,6.912,0.011727,
gemini-3.5-flash,gemini-3.5-flash,images/245026215/245026215_1.jpg,245026215,living_room,1,3.4,3,0.85,True,living_room,"The living room features dated parquet wood flooring and a window air conditioning unit, which represent older, standard apartment finishes. The walls and ceiling are plain with basic trim and no architectural details, though they are clean and well-maintained. The modern furniture and staging present well but do not elevate the permanent structural quality beyond a basic, maintained level.",3024,760,0,0,634,6.605,0.011376,
gemini-3.5-flash,gemini-3.5-flash,images/30599448/30599448_4.jpg,30599448,living_room,1,4.5,5,0.7,True,living_room,"The image features a highly ornate, historic carved wood fireplace mantel with decorative tiles and an embossed brass screen, complemented by substantial wood baseboards. However, because the view is extremely limited and the rest of the room's permanent features are out of frame, the score is calibrated conservatively.",3024,720,0,0,606,6.565,0.011016,
gemini-3.5-flash,gemini-3.5-flash,images/72670045/72670045_hero.jpg,72670045,living_room,1,4.2,4,0.9,True,living_room,"The living room features well-maintained hardwood flooring with a decorative border inlay and clean, painted walls with a simple accent color. However, the architectural elements remain standard mid-range, with basic window trim, standard ceiling height, and an absence of permanent built-ins or crown molding.",3024,740,0,0,626,6.24,0.011196,
gemini-3.5-flash,gemini-3.5-flash,images/448006342/448006342_1.jpg,448006342,living_room,1,4.0,4,0.9,True,living_room,"The living room features clean, modern finishes including light hardwood flooring, recessed lighting, and plain white walls with simple baseboards. The lack of architectural details like crown molding, built-ins, or a fireplace, combined with a visible wall-mounted mini-split AC unit, keeps this space firmly in the updated mid-range category.",3024,767,0,0,643,7.866,0.011439,
gemini-3.5-flash,gemini-3.5-flash,images/64547202/64547202_4.jpg,64547202,living_room,1,3.2,3,0.9,True,living_room,"The living room features standard hardwood flooring and plain painted walls without crown molding or decorative trim. The presence of a through-wall air conditioning unit, baseboard heating, and basic flush-mount ceiling fixtures indicates a dated but maintained space consistent with mid-to-low-range finishes.",3024,779,0,0,665,11.96,0.011547,
gemini-3.5-flash,gemini-3.5-flash,images/30783144/30783144_1.jpg,30783144,living_room,1,3.5,4,0.8,True,living_room,"The living room features clean, updated laminate or light wood flooring, but the overall architecture remains basic with standard ceiling heights and plain drywall. The large mirrored accent wall is a dated feature, and there is a lack of premium millwork, crown molding, or custom architectural details.",3067,805,0,0,693,9.86,0.011846,
gemini-3.5-flash,gemini-3.5-flash,images/457917688/457917688_14.jpg,457917688,living_room,1,2.5,3,0.8,True,living_room,"The room features basic, builder-grade finishes with dated baseboard heating and plain drywall. The faux-stone trim around the window is a low-quality DIY element, and the overall architectural detail is minimal with standard ceiling heights.",3024,666,0,0,563,9.159,0.010530,
gemini-3.5-flash,gemini-3.5-flash,images/111711535/111711535_2.jpg,111711535,living_room,1,3.2,3,0.9,True,living_room,"The living room features basic, dated parquet wood flooring and plain white drywall with no architectural trim or crown molding. The standard windows and through-the-wall radiator/AC unit are typical of a basic apartment, lacking any premium permanent upgrades.",3024,926,0,0,820,7.628,0.012870,
gemini-3.5-flash,gemini-3.5-flash,images/347205007/347205007_10.jpg,347205007,living_room,1,4.3,4,0.9,True,living_room,"The living room features clean, modern finishes including light wood-look flooring, recessed ceiling lights, and stylish black-framed windows and patio doors. However, the space lacks premium architectural details such as crown molding, a fireplace, or custom millwork, keeping it in the updated mid-range category.",3024,1010,0,0,893,9.059,0.013626,
gemini-3.5-flash,gemini-3.5-flash,images/347275053/347275053_9.jpg,347275053,living_room,1,5.8,6,0.85,True,living_room,"The living room features premium large-format polished tile flooring and an extensive custom wood-paneled feature wall with integrated shelving and cabinetry. The open-concept space is modern and well-finished, though it lacks double-height ceilings or grand architectural details that would push it into the highest luxury tiers.",3024,873,0,0,755,7.896,0.012393,
gemini-3.5-flash,gemini-3.5-flash,images/89066621/89066621_hero.jpg,89066621,living_room,1,4.7,5,0.85,True,living_room,"The living room features high-quality dark wood flooring and large windows offering an impressive city skyline view. However, the walls and ceiling are plain drywall with minimal trim or architectural detailing, keeping the permanent structural luxury at a high mid-range level.",3024,799,0,0,707,10.876,0.011727,
gemini-3.5-flash,gemini-3.5-flash,images/2054934812/2054934812_12.jpg,2054934812,living_room,1,2.4,2,0.9,True,living_room,"The room is a basic, empty functional shell featuring standard hardwood flooring and plain painted walls with simple baseboards. There are no architectural details, moldings, fireplaces, or built-ins, representing a very entry-level, un-upgraded space.",3052,1017,0,0,910,9.334,0.013731,
