model,response_model,image_path,zpid,room_type,replicate,score,level,confidence,valid,room_type_judgment,reasoning,input_tokens,output_tokens,cached_input_tokens,cache_write_tokens,thought_tokens,latency_s,cost_usd,error
gemini-3.5-flash,gemini-3.5-flash,images/439578555/439578555_5.jpg,439578555,kitchen,1,4.8,5.0,0.85,True,kitchen,"This compact kitchen features high-quality minimalist flat-panel wood cabinetry, including a panel-ready integrated refrigerator. The clean design is elevated by a matching solid-surface countertop and full-height slab backsplash, though the single-wall layout lacks a built-in island.",2872.0,755.0,0.0,0.0,645.0,6.442,0.011103,
gemini-3.5-flash,gemini-3.5-flash,images/448006342/448006342_3.jpg,448006342,kitchen,1,5.4,5.0,0.9,True,kitchen,"This compact kitchen features high-end custom cabinetry with integrated panel-ready appliances and a warm wood accent niche. The island is finished with a premium quartz waterfall countertop, matching slab backsplash, and a minimalist matte black faucet, elevating it well above a standard mid-range renovation.",2872.0,818.0,0.0,0.0,708.0,6.787,0.01167,
gemini-3.5-flash,gemini-3.5-flash,images/245040272/245040272_12.jpg,245040272,kitchen,1,2.6,3.0,0.9,True,kitchen,"This is a narrow galley kitchen featuring basic white flat-panel cabinets, laminate countertops, and standard white appliances. While clean and maintained, the materials and compact layout represent a basic, dated standard.",2900.0,650.0,0.0,0.0,556.0,6.983,0.0102,
gemini-3.5-flash,gemini-3.5-flash,images/68313646/68313646_2.jpg,68313646,kitchen,1,5.2,5.0,0.9,True,kitchen,"This kitchen features high-end elements that elevate it above a standard renovation, including premium stainless steel appliances like a Sub-Zero style refrigerator and built-in wine cooler, a thick-mitered dark stone island countertop, and sleek flat-panel cabinetry. The modern design is cohesive and upscale, though the overall footprint remains somewhat compact.",2872.0,810.0,0.0,0.0,687.0,7.124,0.011598,
gemini-3.5-flash,gemini-3.5-flash,images/245060365/245060365_5.jpg,245060365,kitchen,1,4.3,4.0,0.9,True,kitchen,"This galley kitchen represents a high-quality modern renovation featuring sleek flat-panel cabinetry, quartz countertops, and a full-height elongated subway tile backsplash. While the finishes are clean and cohesive, the compact galley layout without an island and standard stainless steel appliances align it with a Level 4 standard updated mid-range classification.",2872.0,867.0,0.0,0.0,748.0,7.196,0.012111,
gemini-3.5-flash,gemini-3.5-flash,images/320255113/320255113_3.jpg,320255113,kitchen,1,3.8,4.0,0.85,True,kitchen,"The kitchen features a modern two-tone cabinet design with a matching stone countertop and full-height backsplash. However, the compact L-shaped layout lacks an island, the appliances are standard mid-range, and the overall space is constrained, keeping it at a solid mid-range level.",2872.0,830.0,0.0,0.0,716.0,7.703,0.011778,
gemini-3.5-flash,gemini-3.5-flash,images/347205007/347205007_16.jpg,347205007,kitchen,1,4.5,5.0,0.9,True,kitchen,"This kitchen features a modern, cohesive renovation with sleek two-tone flat-panel cabinetry, quartz countertops, and a matching full-height slab backsplash. While the stainless steel appliances are standard mid-range, the clean design, recessed lighting, and slab backsplash elevate it slightly above a basic Level 4 renovation.",2872.0,957.0,0.0,0.0,840.0,7.652,0.012921,
gemini-3.5-flash,gemini-3.5-flash,images/452935685/452935685_5.jpg,452935685,kitchen,1,2.0,2.0,0.95,True,kitchen,"The kitchen features highly dated flat-panel wood cabinetry, laminate countertops, and older appliances. The vinyl tile flooring, wood wall paneling, and overall worn condition represent a basic, un-renovated space consistent with Level 2.",2872.0,758.0,0.0,0.0,654.0,7.713,0.01113,
gemini-3.5-flash,gemini-3.5-flash,images/2054934812/2054934812_3.jpg,2054934812,kitchen,1,2.2,2.0,0.9,True,kitchen,"The kitchen features highly dated finishes including patterned wallpaper, worn vinyl flooring, and basic wood cabinetry with laminate countertops. While clean and maintained, the materials and overall design are obsolete and represent a basic, dated standard.",2900.0,329.0,0.0,0.0,232.0,8.393,0.007311,
gemini-3.5-flash,gemini-3.5-flash,images/457610719/457610719_3.jpg,457610719,kitchen,1,4.6,5.0,0.9,True,kitchen,"This compact kitchen features high-quality modern finishes, highlighted by a premium full-height quartz slab backsplash that wraps into the window frame. While it lacks an island due to space constraints, the upgraded Bosch dishwasher, sleek angled range hood, and seamless flat-panel cabinetry elevate it above a standard mid-range renovation.",2872.0,995.0,0.0,0.0,877.0,8.385,0.013263,
gemini-3.5-flash,gemini-3.5-flash,images/2079507264/2079507264_7.jpg,2079507264,kitchen,1,5.5,6.0,0.9,True,kitchen,"This kitchen features high-end designer finishes including a marble waterfall island, premium high-gloss flat-panel cabinetry, and upscale appliances like a professional gas range. The dark wood herringbone flooring and modern pendant lighting further elevate the space, though its compact footprint keeps it from the highest tiers.",2872.0,1073.0,0.0,0.0,961.0,8.98,0.013965,
gemini-3.5-flash,gemini-3.5-flash,images/245523004/245523004_2.jpg,245523004,kitchen,1,5.7,6.0,0.9,True,kitchen,"This kitchen features upscale modern finishes, including high-end flat-panel cabinetry and premium black natural-stone slabs with dramatic white veining used for the countertops, full-height backsplash, and waterfall island. The integrated look is complemented by designer pendant lighting and professional-grade appliances, elevating it well above a standard mid-range renovation.",2872.0,790.0,0.0,0.0,668.0,10.654,0.011418,
gemini-3.5-flash,gemini-3.5-flash,images/320251340/320251340_1.jpg,320251340,kitchen,1,4.8,5.0,0.85,True,kitchen,"This compact kitchen features high-end modern finishes, including seamless flat-panel wood cabinetry with an integrated panel-ready refrigerator. The design is elevated by a textured 3D tile backsplash, clean quartz countertops, and premium fixtures, pushing it into the upper-mid range despite its limited footprint.",2918.0,704.0,0.0,0.0,589.0,5.353,0.010713,
gemini-3.5-flash,gemini-3.5-flash,images/338705381/338705381_2.jpg,338705381,kitchen,1,5.7,6.0,0.9,True,kitchen,"This kitchen features high-end designer finishes, including a premium stone countertop with a waterfall edge and a matching full-height slab backsplash. The custom flat-panel cabinetry with integrated appliances and minimalist hardware elevates it well beyond a standard renovation, though its compact U-shaped layout keeps it from the highest tier.",2872.0,821.0,0.0,0.0,705.0,6.227,0.011697,
gemini-3.5-flash,gemini-3.5-flash,images/459718105/459718105_2.jpg,459718105,kitchen,1,4.2,4.0,0.9,True,kitchen,"This kitchen features a clean, modern renovation with flat-panel grey upper cabinets, wood-toned island cabinetry, and white quartz countertops. The standard stainless steel appliances, glossy tile backsplash, and compact layout represent a well-executed mid-range update consistent with Level 4.",2872.0,826.0,0.0,0.0,716.0,5.971,0.011742,
gemini-3.5-flash,gemini-3.5-flash,images/338701821/338701821_3.jpg,338701821,kitchen,1,5.2,5.0,0.9,True,kitchen,"This kitchen features premium upgrades that elevate it above a standard mid-range renovation, including a full-height natural stone slab backsplash matching the countertops, a panel-ready integrated refrigerator, and stacked cabinetry extending to the ceiling with glass-front uppers. While it lacks a large island or the generous scale typical of Level 6, the high-end finishes and integrated appliances firmly place it in the Level 5 category.",2872.0,783.0,0.0,0.0,644.0,5.585,0.011355,
gemini-3.5-flash,gemini-3.5-flash,images/64547202/64547202_7.jpg,64547202,kitchen,1,2.7,3.0,0.9,True,kitchen,"The kitchen features basic white appliances, including a top-freezer refrigerator, paired with simple white cabinetry and laminate countertops. While it is clean and maintained with an added mosaic tile backsplash, the compact layout, basic dome lighting, and standard materials represent a dated, entry-level finish.",2872.0,993.0,0.0,0.0,881.0,6.974,0.013245,
gemini-3.5-flash,gemini-3.5-flash,images/443617919/443617919_2.jpg,443617919,kitchen,1,6.0,6.0,0.9,True,kitchen,"This kitchen features high-end custom flat-panel cabinetry with integrated, panel-ready appliances that blend seamlessly into the wood wall. The island and back counter are topped with premium stone slabs, complemented by a matching full-height stone backsplash. The custom curved island base and minimalist designer aesthetic represent an upscale, high-quality execution.",2872.0,855.0,0.0,0.0,734.0,6.595,0.012003,
gemini-3.5-flash,gemini-3.5-flash,images/455580860/455580860_5.jpg,455580860,kitchen,1,5.6,6.0,0.9,True,kitchen,"This kitchen features high-end finishes including double-stacked light wood cabinetry extending to the ceiling, a premium professional-style range and hood, and integrated appliances. The white stone countertops feature a waterfall edge on the peninsula and are paired with a matching full-height slab backsplash, elevating it well above a standard renovation.",2872.0,906.0,0.0,0.0,788.0,6.315,0.012462,
gemini-3.5-flash,gemini-3.5-flash,images/300074943/300074943_3.jpg,300074943,kitchen,1,6.2,6.0,0.95,True,kitchen,"This kitchen features high-end custom cabinetry with grain-matched wood veneer that extends to a matching wall panel and ceiling alcove. It includes premium natural stone countertops with a waterfall edge on the island, a matching full-height slab backsplash, and high-end integrated appliances. The sophisticated, cohesive designer finishes and custom architectural integration elevate it to an upscale level.",2872.0,764.0,0.0,0.0,636.0,7.802,0.011184,
gemini-3.5-flash,gemini-3.5-flash,images/30599448/30599448_6.jpg,30599448,kitchen,1,4.6,5.0,0.85,True,kitchen,"This compact kitchen features a stylish renovation with shaker cabinets in a custom blue finish, brass hardware, an apron-front farmhouse sink, and an upgraded professional-style blue gas range. While it lacks an island and has a simple single-wall layout, the cohesive design choices and upgraded appliances elevate it slightly above a standard mid-range renovation.",2897.0,1029.0,0.0,0.0,905.0,7.101,0.013607,
gemini-3.5-flash,gemini-3.5-flash,images/320253598/320253598_2.jpg,320253598,kitchen,1,4.6,5.0,0.9,True,kitchen,"This kitchen features a modern, high-quality renovation with glossy two-tone cabinetry, a distinctive geometric tile backsplash, and white quartz countertops featuring a premium waterfall edge on the peninsula. While the layout is compact without a central island, the upgraded finishes and cohesive contemporary design elevate it above a standard mid-range renovation.",2872.0,1054.0,0.0,0.0,936.0,6.607,0.013794,
gemini-3.5-flash,gemini-3.5-flash,images/72670045/72670045_5.jpg,72670045,kitchen,1,3.8,4.0,0.85,True,kitchen,"This is a compact galley kitchen that has been updated with a modern, cohesive aesthetic featuring flat-panel lower cabinets, glass-front upper cabinets, and butcher block countertops. While stylish, the small footprint, lack of an island, and standard white appliances align it with a mid-range Level 4 renovation.",2918.0,845.0,0.0,0.0,727.0,6.85,0.011982,
gemini-3.5-flash,gemini-3.5-flash,images/449031388/449031388_1.jpg,449031388,kitchen,1,4.0,4.0,0.95,True,kitchen,"This is a standard modern renovation featuring white shaker cabinets, quartz countertops, and stainless steel appliances in a galley layout. The vibrant blue subway tile backsplash adds a custom touch, but the overall materials and compact footprint align perfectly with a solid mid-range update.",2872.0,616.0,0.0,0.0,509.0,5.538,0.009852,
gemini-3.5-flash,gemini-3.5-flash,images/30785005/30785005_12.jpg,30785005,kitchen,1,4.8,5.0,0.85,True,kitchen,"The kitchen features high-quality traditional dark wood cabinetry with crown molding and a matching custom range hood. It includes granite countertops, a tiled backsplash, and a small matching island with seating. While the style is somewhat dated and the layout is compact, the permanent materials and built-in appliances elevate it above a standard mid-range renovation.",2872.0,963.0,0.0,0.0,840.0,6.085,0.012975,
gemini-3.5-flash,gemini-3.5-flash,images/79713844/79713844_10.jpg,79713844,kitchen,1,2.3,2.0,0.9,True,kitchen,"The kitchen features basic, dated finishes including laminate countertops, older white appliances, and a simple square tile backsplash. The raised-panel cabinets and compact layout represent a standard entry-level or builder-grade setup that is functional but lacks modern updates.",2872.0,758.0,0.0,0.0,654.0,5.734,0.01113,
gemini-3.5-flash,gemini-3.5-flash,images/457917688/457917688_2.jpg,457917688,kitchen,1,4.0,4.0,0.9,True,kitchen,"This kitchen represents a standard modern mid-range renovation featuring flat-panel two-tone cabinetry, stainless steel appliances, and a linear mosaic tile backsplash. The compact L-shaped layout lacks an island or premium custom features that would elevate it to a higher tier.",2872.0,812.0,0.0,0.0,705.0,5.697,0.011616,
gemini-3.5-flash,gemini-3.5-flash,images/111711535/111711535_5.jpg,111711535,kitchen,1,4.0,4.0,0.9,True,kitchen,"This galley kitchen represents a standard modern renovation with shaker-style wood cabinetry, dark granite countertops, and stainless steel appliances. The layout is compact but functional, featuring a stone-tile backsplash and neutral tile flooring that align well with mid-range expectations.",2872.0,589.0,0.0,0.0,499.0,4.898,0.009609,
gemini-3.5-flash,gemini-3.5-flash,images/79488683/79488683_2.jpg,79488683,kitchen,1,4.2,4.0,0.9,True,kitchen,"This kitchen represents a standard modern renovation with shaker-style cabinets, quartz countertops, and a stylish herringbone tile backsplash. While cohesive and well-designed with updated lighting and stainless steel appliances, its compact peninsula layout and standard materials keep it firmly in the mid-range category.",2872.0,649.0,0.0,0.0,540.0,5.22,0.010149,
gemini-3.5-flash,gemini-3.5-flash,images/122588155/122588155_7.jpg,122588155,kitchen,1,3.2,3.0,0.9,True,kitchen,"The kitchen features dated raised-panel wood cabinetry and a mismatched white dishwasher alongside newer stainless steel appliances. While it has granite countertops, the compact layout, older styling, and lack of cohesive modern finishes align it with a well-maintained but dated Level 3.",2872.0,704.0,0.0,0.0,597.0,5.747,0.010644,
gemini-3.5-flash,gemini-3.5-flash,images/245026215/245026215_2.jpg,245026215,kitchen,1,4.0,4.0,0.9,True,kitchen,"This is a classic galley kitchen featuring a standard modern renovation with white shaker cabinets, gray quartz countertops, and stainless steel appliances. The compact layout lacks an island or premium custom finishes, placing it firmly in the mid-range category.",2872.0,542.0,0.0,0.0,440.0,4.218,0.009186,
gemini-3.5-flash,gemini-3.5-flash,images/245000657/245000657_7.jpg,245000657,kitchen,1,3.8,4.0,0.9,True,kitchen,"This is a compact galley kitchen featuring a modern update with flat-panel white cabinets, stainless steel appliances, and a distinctive 3D geometric tile backsplash. While the finishes are updated and cohesive, the extremely limited counter space and cramped layout keep it firmly in the mid-range category.",2872.0,703.0,0.0,0.0,591.0,5.461,0.010635,
gemini-3.5-flash,gemini-3.5-flash,images/244993376/244993376_6.jpg,244993376,kitchen,1,3.7,4.0,0.85,True,kitchen,"This compact single-wall kitchen features updated shaker-style cabinetry with glass-front uppers, a modern herringbone tile backsplash, and solid-surface countertops. However, its luxury level is limited by its very small footprint, lack of an island, and basic white appliances rather than stainless steel or integrated options.",2872.0,782.0,0.0,0.0,665.0,5.871,0.011346,
gemini-3.5-flash,gemini-3.5-flash,images/320252928/320252928_3.jpg,320252928,kitchen,1,4.7,5.0,0.9,True,kitchen,"This kitchen represents a high-quality modern renovation featuring shaker-style cabinetry, quartz countertops, and a classic subway tile backsplash. Upgraded elements such as a professional-style gas range, chimney hood, pot filler, and integrated under-cabinet lighting elevate it slightly above a standard mid-range finish.",2872.0,1006.0,0.0,0.0,891.0,8.998,0.013362,
gemini-3.5-flash,gemini-3.5-flash,images/444358981/444358981_8.jpg,444358981,kitchen,1,3.5,4.0,0.9,True,kitchen,"The kitchen features a mix of updated and dated elements, combining granite countertops and a subway tile backsplash with older raised-panel wood cabinetry. The appliances are a mix of stainless steel and black, and the layout is a basic L-shape without an island, representing a typical mid-range standard.",2872.0,867.0,0.0,0.0,753.0,6.699,0.012111,
gemini-3.5-flash,gemini-3.5-flash,images/30718819/30718819_7.jpg,30718819,kitchen,1,4.4,4.0,0.9,True,kitchen,"This kitchen features a modern two-tone flat-panel cabinet design, a linear mosaic tile backsplash, and dark countertops. While it includes upgraded elements like a built-in double wall oven and a stainless steel chimney hood, the overall material quality and small island scale align with a high-quality mid-range renovation.",2872.0,1053.0,0.0,0.0,935.0,7.307,0.013785,
gemini-3.5-flash,gemini-3.5-flash,images/30783144/30783144_3.jpg,30783144,kitchen,1,2.5,3.0,0.85,True,kitchen,"The kitchen features dated, basic flat-panel cabinets and laminate countertops with a small peninsula extension. The appliances are mismatched (white refrigerator and dishwasher, black range and microwave) and older, representing a basic, dated but maintained setup.",2915.0,678.0,0.0,0.0,576.0,5.168,0.010474,
gemini-3.5-flash,gemini-3.5-flash,images/320253598/320253598_7.jpg,320253598,bathroom,1,4.0,4.0,0.9,True,bathroom,"The bathroom features a clean, updated mid-range design with a modern single vanity, a curved glass shower enclosure, and half-height tiled walls. However, the fixtures, such as the basic Hollywood-style light bar and the simple wall-mounted cubbies, indicate budget-friendly materials rather than high-end luxury.",2909.0,755.0,0.0,0.0,635.0,5.326,0.011159,
gemini-3.5-flash,gemini-3.5-flash,images/30786133/30786133_10.jpg,30786133,kitchen,1,2.6,3.0,0.9,True,kitchen,"The kitchen features highly dated finishes including cathedral-style oak cabinets, laminate countertops, and older freestanding white appliances. The presence of a drop-tile ceiling, wood wainscoting, and wallpaper indicates a kitchen that has been maintained but is significantly past its design lifecycle.",2872.0,862.0,0.0,0.0,753.0,5.658,0.012066,
gemini-3.5-flash,gemini-3.5-flash,images/30783144/30783144_5.jpg,30783144,bathroom,1,3.0,3.0,0.85,True,bathroom,"The bathroom features a standard tub-shower combo with a framed sliding glass door, a basic curved vanity with an integrated sink, and a standard toilet. The finishes and fixtures are dated but well-maintained, typical of an older, unrenovated bathroom.",2952.0,615.0,0.0,0.0,507.0,5.368,0.009963,
gemini-3.5-flash,gemini-3.5-flash,images/244993376/244993376_7.jpg,244993376,bathroom,1,4.0,4.0,0.9,True,bathroom,"The bathroom features a clean, modern update with white subway and herringbone tiling, but uses budget-friendly materials and fixtures. The small vanity, standard alcove tub, and simple fixtures place it firmly in the mid-range updated category.",2955.0,712.0,0.0,0.0,610.0,5.517,0.01084,
gemini-3.5-flash,gemini-3.5-flash,images/439578555/439578555_13.jpg,439578555,bathroom,1,4.3,4.0,0.85,True,bathroom,"The bathroom features a modern, minimalist update with a floating white vanity, integrated sink, and a cohesive terrazzo-style tile running along the floor and lower half of the walls. While clean and contemporary, the fixtures and materials are mid-range rather than premium luxury.",2909.0,644.0,0.0,0.0,535.0,5.276,0.01016,
gemini-3.5-flash,gemini-3.5-flash,images/338705381/338705381_12.jpg,338705381,bathroom,1,6.5,6.0,0.9,True,bathroom,"This bathroom features premium materials including a full-height marble slab backsplash, herringbone marble tile flooring, and a custom mid-century modern wood vanity. The large walk-in shower is enclosed in frameless glass with high-end fixtures and matching marble tile, presenting a highly cohesive, upscale designer aesthetic.",2909.0,837.0,0.0,0.0,723.0,6.793,0.011897,
gemini-3.5-flash,gemini-3.5-flash,images/458844757/458844757_7.jpg,458844757,bathroom,1,5.2,5.0,0.9,True,bathroom,"This bathroom features a cohesive modern design with a floating wood-grain vanity, a frameless glass walk-in shower, and a premium wall-mounted toilet. The large-format grey wall tiles and dark floor tiles create a clean, contemporary aesthetic. While stylish and well-renovated, the compact footprint and single vanity align it with a Level 5 rating.",2909.0,735.0,0.0,0.0,606.0,5.565,0.010979,
gemini-3.5-flash,gemini-3.5-flash,images/245026215/245026215_13.jpg,245026215,bathroom,1,2.8,3.0,0.9,True,bathroom,"The bathroom features dated but well-maintained finishes, including classic square wall tiling, a black-and-white mosaic tile floor, and a standard alcove tub. The vanity and tri-fold medicine cabinet are basic, and the flushometer toilet suggests an older apartment setup without recent high-end upgrades.",2909.0,789.0,0.0,0.0,673.0,6.732,0.011465,
gemini-3.5-flash,gemini-3.5-flash,images/2054934812/2054934812_19.jpg,2054934812,bathroom,1,3.0,3.0,0.9,True,bathroom,"This bathroom is dated but maintained, featuring vintage square wall tiles with black trim, patterned wallpaper, and a basic oak-look vanity. The standard tub-shower combo and simple fixtures are functional but have not been updated, placing it firmly in the Level 3 category.",2925.0,758.0,0.0,0.0,649.0,6.516,0.01121,
gemini-3.5-flash,gemini-3.5-flash,images/79713844/79713844_13.jpg,79713844,bathroom,1,3.0,3.0,0.9,True,bathroom,"The bathroom features a standard pedestal sink, a basic tub-shower combo with older white wall tiling, and simple builder-grade fixtures. The lighting, mirror, and wall cabinet are dated but functional and well-maintained, typical of a Level 3 classification.",2909.0,379.0,0.0,0.0,272.0,3.975,0.007775,
gemini-3.5-flash,gemini-3.5-flash,images/245000657/245000657_10.jpg,245000657,bathroom,1,3.8,4.0,0.9,True,bathroom,"The bathroom features a clean, modern renovation with fully tiled walls and a patterned mosaic tile floor. However, the compact layout, standard tub-shower combo with a curtain, and basic lighting fixtures keep it in the mid-range category.",2918.0,824.0,0.0,0.0,722.0,6.357,0.011793,
gemini-3.5-flash,gemini-3.5-flash,images/89066621/89066621_5.jpg,89066621,bathroom,1,4.2,4.0,0.9,True,bathroom,"The bathroom features a clean, modern update with a light wood vanity, a contemporary vessel sink, and a stone countertop. However, it retains a standard tub-shower combination with a shower curtain rather than a frameless glass enclosure, and the overall footprint is relatively compact, aligning it with a solid mid-range update.",2955.0,634.0,0.0,0.0,515.0,5.044,0.010138,
gemini-3.5-flash,gemini-3.5-flash,images/111711535/111711535_9.jpg,111711535,bathroom,1,3.0,3.0,0.9,True,bathroom,"The bathroom features a basic, small dark wood vanity with an integrated ceramic sink, paired with a matching surface-mounted medicine cabinet. The walls are finished with standard white subway tile, and the tub-shower combo uses a simple shower curtain rather than glass. While clean and functional, the fixtures and materials are budget-grade and typical of a standard, un-upgraded bathroom.",2909.0,717.0,0.0,0.0,586.0,5.092,0.010816,
gemini-3.5-flash,gemini-3.5-flash,images/119987338/119987338_15.jpg,119987338,bathroom,1,4.0,4.0,0.9,True,bathroom,"The bathroom features a modern update with extensive green glass subway tiling on the walls and a sliding glass door on a standard tub-shower combo. The small single vanity and standard toilet are mid-range retail fixtures, and the overall space is compact, placing it firmly in the updated mid-range category.",2937.0,535.0,0.0,0.0,420.0,4.709,0.00922,
gemini-3.5-flash,gemini-3.5-flash,images/30718819/30718819_6.jpg,30718819,bathroom,1,4.7,5.0,0.85,True,bathroom,"This powder room features extensive floor-to-ceiling large-format wall tiling with a decorative linear accent strip. It includes a stylized metallic-finish vanity with a stone countertop and a modern one-piece toilet, representing a cohesive and nicely renovated mid-to-high-end design.",2937.0,686.0,0.0,0.0,573.0,5.073,0.01058,
gemini-3.5-flash,gemini-3.5-flash,images/245040272/245040272_11.jpg,245040272,bathroom,1,2.8,3.0,0.9,True,bathroom,"The bathroom features basic, budget-friendly finishes including a small builder-grade vanity, a standard alcove tub-shower combo with simple subway tile, and beadboard wainscoting. While clean and functional, the materials, fixtures, and medicine cabinet are highly basic and typical of a low-cost apartment refresh.",2925.0,872.0,0.0,0.0,753.0,7.54,0.012235,
gemini-3.5-flash,gemini-3.5-flash,images/443617919/443617919_4.jpg,443617919,bathroom,1,5.5,5.0,0.85,True,bathroom,"This bathroom features a highly cohesive modern design with a custom-looking double vanity in light wood, a thick integrated solid-surface sink, and trendy black fixtures. The upscale touches include fluted wall paneling, a large backlit LED mirror, and a matching built-in linen tower with integrated shelf lighting.",2909.0,514.0,0.0,0.0,397.0,5.238,0.008989,
gemini-3.5-flash,gemini-3.5-flash,images/245060365/245060365_12.jpg,245060365,bathroom,1,4.7,5.0,0.85,True,bathroom,"This bathroom features a cohesive modern renovation with a frameless glass walk-in shower, a separate built-in soaking tub, and extensive classic white subway tile. While the materials are standard rather than premium stone, the layout, clean execution, and separate shower/tub configuration elevate it above a basic update.",2909.0,742.0,0.0,0.0,625.0,6.043,0.011041,
gemini-3.5-flash,gemini-3.5-flash,images/320251340/320251340_5.jpg,320251340,bathroom,1,4.3,4.0,0.9,True,bathroom,"This bathroom features a modern, cohesive update with fully tiled walls in a textured pattern, a floating dark wood vanity with an integrated sink, and contemporary fixtures. However, the use of a standard tub-shower combo with a shower curtain and a single vanity keeps it in the mid-range category.",2909.0,682.0,0.0,0.0,568.0,7.276,0.010502,
gemini-3.5-flash,gemini-3.5-flash,images/245523004/245523004_11.jpg,245523004,bathroom,1,4.8,5.0,0.85,True,bathroom,"This bathroom features a bold, high-contrast black and white marble-patterned tile wall treatment paired with a sleek, modern floating vanity and a contemporary one-piece toilet. While the design is highly stylized and cohesive, the compact footprint and the tub-shower combination with a glass screen align it with a high-quality mid-range to nicely renovated standard.",2909.0,765.0,0.0,0.0,637.0,6.17,0.011248,
gemini-3.5-flash,gemini-3.5-flash,images/320255113/320255113_4.jpg,320255113,bathroom,1,4.0,4.0,0.85,True,bathroom,"The bathroom features a modern but budget-friendly update, including fully tiled walls, a small floating vanity, and a tub-shower combo with a framed sliding glass door. The materials and fixtures are standard builder-grade or mid-range, lacking the premium stone, frameless glass, or spaciousness of higher luxury levels.",2909.0,642.0,0.0,0.0,521.0,5.593,0.010141,
gemini-3.5-flash,gemini-3.5-flash,images/444358981/444358981_10.jpg,444358981,bathroom,1,2.5,3.0,0.85,True,bathroom,"The bathroom features basic builder-grade materials, including a simple white vanity with visible wear on the drawer front, a standard two-piece toilet, and a framed sliding glass shower door. The walls are finished with plain square white tiles, representing a highly functional but dated and budget-oriented design.",2909.0,874.0,0.0,0.0,759.0,8.003,0.01223,
gemini-3.5-flash,gemini-3.5-flash,images/457917688/457917688_4.jpg,457917688,bathroom,1,3.0,3.0,0.9,True,bathroom,"The bathroom features dated but well-maintained finishes, including a basic builder-grade vanity, a standard two-piece toilet, and a traditional tub-shower combo with a shower curtain. While the walls are fully tiled, the tile style and wooden shelving/mirror frame are older, placing this in the category of a typical older, un-renovated bathroom.",2909.0,690.0,0.0,0.0,562.0,6.334,0.010573,
gemini-3.5-flash,gemini-3.5-flash,images/30786133/30786133_18.jpg,30786133,bathroom,1,3.0,3.0,0.9,True,bathroom,"The bathroom features dated mosaic wall tiling and a butterfly-patterned border, paired with a basic white vanity and standard alcove tub. While the space is clean and well-maintained, the fixtures, medicine cabinet, and overall layout represent a typical older, un-renovated style.",2937.0,729.0,0.0,0.0,616.0,5.234,0.010967,
gemini-3.5-flash,gemini-3.5-flash,images/455580860/455580860_11.jpg,455580860,bathroom,1,5.2,5.0,0.9,True,bathroom,"This bathroom features a cohesive modern design with a double wood vanity, white solid-surface countertops, and contemporary chrome fixtures. It includes a frameless glass shower enclosure, a modern wall-mounted toilet, and stylish herringbone floor tiling paired with large-format wall tiles, representing a high-quality, above-average renovation.",2909.0,541.0,0.0,0.0,422.0,4.407,0.009232,
gemini-3.5-flash,gemini-3.5-flash,images/457610719/457610719_6.jpg,457610719,bathroom,1,4.8,5.0,0.9,True,bathroom,"This bathroom features a cohesive modern renovation with large-format marble-patterned porcelain tiles, a floating wood-front vanity, and matte black fixtures. While stylish, the compact layout, tub-shower combination, and use of simulated stone tiles place it in the high-end of the mid-range category.",2909.0,723.0,0.0,0.0,606.0,5.296,0.01087,
gemini-3.5-flash,gemini-3.5-flash,images/338701821/338701821_7.jpg,338701821,bathroom,1,4.0,4.0,0.9,True,bathroom,"The bathroom features a modern, cohesive update with extensive white subway tiling on the walls and tub apron. However, it retains a basic tub-shower combo with a shower curtain rather than a glass enclosure, and the vanity and fixtures are standard mid-range quality.",2909.0,773.0,0.0,0.0,666.0,5.61,0.011321,
gemini-3.5-flash,gemini-3.5-flash,images/68313646/68313646_4.jpg,68313646,bathroom,1,5.4,5.0,0.9,True,bathroom,"This bathroom features a cohesive modern design with a spacious walk-in shower enclosed by a frameless glass panel and equipped with a ceiling-mounted rain shower head. The floating vanity is constructed from a thick, premium stone slab with an integrated sink, complemented by contemporary fixtures and a sleek linear light. The matching large-format tiling throughout creates a high-end, designer feel.",2909.0,748.0,0.0,0.0,618.0,5.835,0.011095,
gemini-3.5-flash,gemini-3.5-flash,images/245015247/245015247_8.jpg,245015247,bathroom,1,3.7,4.0,0.85,True,bathroom,"The bathroom features marble wall tiling with a black accent border, which elevates the space. However, the vanity is a very basic, compact unit, and the tub-shower setup is standard with simple fixtures, placing this in the updated mid-range category.",2909.0,671.0,0.0,0.0,564.0,6.92,0.010403,
gemini-3.5-flash,gemini-3.5-flash,images/459718105/459718105_4.jpg,459718105,bathroom,1,4.3,4.0,0.9,True,bathroom,"This bathroom features a cohesive modern renovation with a floating wood vanity, integrated sink, and contemporary matte black fixtures. However, it retains a standard tub-shower configuration with large-format ceramic wall tiles rather than premium stone or a separate walk-in shower, placing it in the updated mid-range category.",2955.0,487.0,0.0,0.0,371.0,4.246,0.008816,
gemini-3.5-flash,gemini-3.5-flash,images/64547202/64547202_16.jpg,64547202,bathroom,1,2.8,3.0,0.9,True,bathroom,"The bathroom features basic builder-grade elements, including a simple white vanity with an integrated synthetic top, a surface-mounted tri-fold medicine cabinet, and a standard tub-shower setup enclosed by a curtain. While clean and well-maintained, the materials and fixtures are dated and budget-oriented, typical of a standard older home.",2909.0,652.0,0.0,0.0,530.0,5.496,0.010231,
gemini-3.5-flash,gemini-3.5-flash,images/72670045/72670045_6.jpg,72670045,bathroom,1,4.0,4.0,0.9,True,bathroom,"The bathroom features a clean, modern update with a stylish herringbone tile pattern on the walls and hexagonal floor tiles. However, it remains a compact, mid-range space with a standard tub-shower combo utilizing a shower curtain and a small single wood vanity.",2909.0,699.0,0.0,0.0,593.0,4.89,0.010655,
gemini-3.5-flash,gemini-3.5-flash,images/449031388/449031388_10.jpg,449031388,bathroom,1,5.7,6.0,0.9,True,bathroom,"This bathroom features high-end designer elements including extensive green Zellige-style wall tiling, a custom walnut wood door and wall panel, and a frameless glass walk-in shower with premium fixtures. While the footprint is relatively compact with a single floating vanity, the material choices and cohesive modern execution elevate it to an upscale level.",2909.0,749.0,0.0,0.0,628.0,6.307,0.011104,
gemini-3.5-flash,gemini-3.5-flash,images/451821668/451821668_5.jpg,451821668,bathroom,1,5.2,5.0,0.9,True,bathroom,"This bathroom features a high-end modern renovation with a premium heavily-veined marble slab countertop, a floating wood vanity, and wall-mounted fixtures. The clean lines of the one-piece toilet, frameless mirrored medicine cabinets, and neat tiling indicate a cohesive, above-average design, though the compact footprint keeps it within the Level 5 range.",2955.0,660.0,0.0,0.0,533.0,5.509,0.010372,
gemini-3.5-flash,gemini-3.5-flash,images/448006342/448006342_5.jpg,448006342,bathroom,1,5.0,5.0,0.9,True,bathroom,"This bathroom features a cohesive modern design with a frameless glass walk-in shower, textured vertical tiling, and a contemporary floating vanity. The backlit round mirror and matte black fixtures add stylish, updated touches, though the compact layout and standard materials keep it firmly in the nicely renovated mid-to-high range.",2955.0,704.0,0.0,0.0,587.0,6.549,0.010769,
gemini-3.5-flash,gemini-3.5-flash,images/245026136/245026136_3.jpg,245026136,bathroom,1,4.3,4.0,0.85,True,bathroom,"This compact bathroom features a modern update with a dark granite countertop, undermount sink, and a multi-jet stainless steel shower panel. However, the heavy use of small mosaic tile borders and the framed glass shower door place it in the mid-range category rather than high-end luxury.",2937.0,728.0,0.0,0.0,614.0,7.349,0.010958,
gemini-3.5-flash,gemini-3.5-flash,images/79488683/79488683_7.jpg,79488683,bathroom,1,4.8,5.0,0.9,True,bathroom,"This bathroom features a long double vanity with a solid-surface countertop, undermount sinks, and updated chrome fixtures. The walls are clad in light blue glass subway tile, complemented by a classic basketweave mosaic tile floor. While it retains a tub-shower combo rather than a separate walk-in shower, the frameless glass panel and cohesive modern finishes represent a high-quality, nicely renovated space.",2909.0,701.0,0.0,0.0,566.0,5.863,0.010672,
gemini-3.5-flash,gemini-3.5-flash,images/245026215/245026215_10.jpg,245026215,bedroom,1,4.0,4.0,0.9,True,bedroom,"The bedroom features clean, updated mid-range finishes, including refinished hardwood flooring and freshly painted neutral walls. The permanent fixtures are basic, such as the simple flush-mount ceiling light and standard white doors and trim. While nicely staged with modern furniture, the permanent architectural elements align with a standard Level 4 updated bedroom.",3075.0,748.0,0.0,0.0,628.0,5.984,0.011345,
gemini-3.5-flash,gemini-3.5-flash,images/300074943/300074943_6.jpg,300074943,bathroom,1,6.2,6.0,0.9,True,bathroom,"This bathroom features high-end materials including a custom walnut double vanity with a thick black marble countertop, matching marble wainscoting, and herringbone marble floor tile. The large walk-in shower has a frameless glass enclosure, premium fixtures, and stone-tiled walls, presenting a highly cohesive and upscale designer aesthetic.",2909.0,739.0,0.0,0.0,619.0,7.81,0.011014,
gemini-3.5-flash,gemini-3.5-flash,images/2079507264/2079507264_6.jpg,2079507264,bathroom,1,4.0,4.0,0.9,True,bathroom,"The bathroom features a clean, modern update with stylish white hexagonal wall tiling and a contemporary wood vanity. However, it retains a standard alcove tub-shower combo with a shower curtain rather than a frameless glass enclosure, and the overall footprint is compact with mid-range fixtures.",2909.0,808.0,0.0,0.0,697.0,6.486,0.011636,
gemini-3.5-flash,gemini-3.5-flash,images/245000657/245000657_5.jpg,245000657,bedroom,1,4.2,4.0,0.9,True,bedroom,"The bedroom features clean, updated permanent finishes including well-maintained hardwood flooring and freshly painted neutral walls. The ceiling is a standard flat height with basic track lighting, and the room includes standard windows and a large sliding mirrored closet, representing a typical updated mid-range space.",3075.0,792.0,0.0,0.0,699.0,6.219,0.01174,
gemini-3.5-flash,gemini-3.5-flash,images/68313646/68313646_3.jpg,68313646,bedroom,1,5.2,5.0,0.9,True,bedroom,"This bedroom features genuinely above-standard permanent elements, including exceptionally high ceilings with exposed structural beams, large loft-style windows that provide ample natural light, and high-quality wide-plank hardwood flooring. While the decor is modern, the architectural volume and window quality elevate it to a nicely renovated level.",3075.0,736.0,0.0,0.0,635.0,6.76,0.011236,
gemini-3.5-flash,gemini-3.5-flash,images/2079507264/2079507264_1.jpg,2079507264,bedroom,1,5.8,6.0,0.85,True,bedroom,"The bedroom features premium permanent finishes, including high-end dark wood herringbone flooring and a custom-paneled accent wall. The large, black-framed multi-pane windows provide an upscale architectural element, complemented by clean recessed ceiling lighting.",3075.0,790.0,0.0,0.0,687.0,6.8,0.011723,
gemini-3.5-flash,gemini-3.5-flash,images/72670045/72670045_2.jpg,72670045,bedroom,1,4.0,4.0,0.9,True,bedroom,"The bedroom features clean, updated mid-range permanent finishes, including refinished hardwood flooring, standard double-hung windows with simple white trim, and a basic flat ceiling with a modern ceiling fan. The presence of a window air conditioning unit and the lack of architectural details like crown molding or built-ins keep it firmly in the mid-range category, despite the tasteful contemporary staging.",3075.0,798.0,0.0,0.0,682.0,7.807,0.011794,
gemini-3.5-flash,gemini-3.5-flash,images/64547202/64547202_11.jpg,64547202,bedroom,1,4.0,4.0,0.9,True,bedroom,"The bedroom features clean hardwood flooring and freshly painted walls, representing a standard updated mid-range space. The permanent fixtures, such as the basic flush-mount ceiling light, standard six-panel doors, and simple baseboards, are functional and well-maintained but lack premium upgrades.",3075.0,699.0,0.0,0.0,603.0,6.974,0.010903,
gemini-3.5-flash,gemini-3.5-flash,images/30783144/30783144_10.jpg,30783144,bedroom,1,2.8,3.0,0.85,True,bedroom,"The bedroom features dated permanent finishes, including pink wall-to-wall carpeting, vertical wall paneling, and a basic ceiling fan. The architectural layout is a simple attic-style room with a sloped ceiling, a through-the-wall AC unit, and baseboard heating, placing it in the dated but maintained category.",3118.0,659.0,0.0,0.0,537.0,8.639,0.010608,
gemini-3.5-flash,gemini-3.5-flash,images/245040272/245040272_10.jpg,245040272,bedroom,1,3.5,4.0,0.9,True,bedroom,"The bedroom features clean, refinished hardwood flooring and freshly painted neutral walls, but remains very basic in its permanent fixtures. The older metal-framed windows, basic radiator cover, and dated ceiling fan represent standard, un-upgraded utility rather than luxury.",3075.0,809.0,0.0,0.0,703.0,8.859,0.011893,
gemini-3.5-flash,gemini-3.5-flash,images/89066621/89066621_1.jpg,89066621,bedroom,1,4.8,5.0,0.85,True,bedroom,"The bedroom features clean, modern permanent finishes including smooth plaster walls, simple baseboards, and a large, high-quality window showcasing a city view. While the room is beautifully staged with contemporary furniture and decor, the architectural elements themselves are relatively simple and standard for a modern apartment, placing it in the high mid-range category.",3075.0,937.0,0.0,0.0,830.0,7.559,0.013045,
gemini-3.5-flash,gemini-3.5-flash,images/244993376/244993376_4.jpg,244993376,bedroom,1,4.2,4.0,0.9,True,bedroom,"The bedroom features clean, updated mid-range finishes including refinished hardwood flooring, simple crown molding, and standard double-hung windows. While tastefully staged with colorful textiles and plants, the permanent architectural elements are standard and typical of a solid mid-range renovation.",3075.0,823.0,0.0,0.0,731.0,8.315,0.01202,
gemini-3.5-flash,gemini-3.5-flash,images/119987338/119987338_16.jpg,119987338,bedroom,1,4.0,4.0,0.9,True,bedroom,"The bedroom features clean, modern dark wood-look flooring and freshly painted walls, typical of a standard mid-range update. The permanent architectural features are basic, with a flat ceiling, standard window, and simple baseboards, lacking any custom millwork or high-end built-ins.",3075.0,793.0,0.0,0.0,704.0,6.122,0.011749,
gemini-3.5-flash,gemini-3.5-flash,images/443617919/443617919_3.jpg,443617919,bedroom,1,6.3,6.0,0.9,True,bedroom,"This bedroom features premium permanent elements including expansive floor-to-ceiling corner windows that showcase panoramic city and water views, high ceilings with recessed drapery tracks, and high-quality light wood flooring. The minimalist architectural design and clean lines represent an upscale, designer-level space.",3075.0,781.0,0.0,0.0,671.0,6.173,0.011642,
gemini-3.5-flash,gemini-3.5-flash,images/449031388/449031388_7.jpg,449031388,bedroom,1,4.3,4.0,0.85,True,bedroom,"The bedroom features clean, modern permanent finishes including high ceilings, a large black-framed window, and hardwood flooring. While the room is simple with basic trim and no built-ins, the overall condition and modern window/HVAC integration represent a solid mid-range updated standard.",3075.0,760.0,0.0,0.0,663.0,5.814,0.011452,
gemini-3.5-flash,gemini-3.5-flash,images/245523004/245523004_8.jpg,245523004,bedroom,1,4.8,5.0,0.85,True,bedroom,"The bedroom features high-quality permanent finishes, including a modern tray ceiling with integrated recessed lighting and hardwood flooring. While the room is compact, these architectural details and the updated window elevate it to a nicely renovated standard.",3075.0,861.0,0.0,0.0,762.0,6.586,0.012361,
gemini-3.5-flash,gemini-3.5-flash,images/338701821/338701821_4.jpg,338701821,bedroom,1,4.5,5.0,0.9,True,bedroom,"The bedroom features clean, modern permanent finishes including smooth plaster walls, updated hardwood flooring, and a large, well-maintained double-hung window. While the mid-century modern styling and bold paint colors are highly appealing, the underlying architectural features and materials represent a high-quality, updated mid-range standard.",3075.0,997.0,0.0,0.0,880.0,7.772,0.013586,
gemini-3.5-flash,gemini-3.5-flash,images/320253598/320253598_5.jpg,320253598,bedroom,1,4.7,5.0,0.85,True,bedroom,"The bedroom features modern permanent finishes including high-quality hardwood flooring, a large black-framed window, and smooth plaster walls. The built-in window seat and modular shelving units add functional storage, though they are standard retail units rather than high-end custom millwork. The overall scale and standard ceiling height align with a nicely updated mid-range bedroom.",3075.0,714.0,0.0,0.0,587.0,6.274,0.011038,
gemini-3.5-flash,gemini-3.5-flash,images/320255113/320255113_8.jpg,320255113,bedroom,1,3.4,3.0,0.9,True,bedroom,"The bedroom features basic hardwood flooring and plain white walls with simple natural wood trim around the window, baseboards, and door. The ceiling is flat with a standard builder-grade flush-mount light fixture, representing a clean but very basic, un-upgraded space.",3075.0,734.0,0.0,0.0,625.0,6.573,0.011218,
gemini-3.5-flash,gemini-3.5-flash,images/347205007/347205007_23.jpg,347205007,bedroom,1,4.3,4.0,0.9,True,bedroom,"The bedroom features clean, modern finishes including light wood-look flooring, recessed LED lighting, and updated shaker-style closet doors with modern hardware. The black-framed casement window adds a contemporary touch, but the overall architectural detail remains standard mid-range.",3075.0,592.0,0.0,0.0,500.0,5.994,0.00994,
gemini-3.5-flash,gemini-3.5-flash,images/320251340/320251340_4.jpg,320251340,bedroom,1,5.4,5.0,0.9,True,bedroom,"The bedroom features high-quality permanent finishes including premium wide-plank wood flooring, high ceilings with recessed lighting, and a large floor-to-ceiling window wall with an integrated glass door leading outside. While the walls and ceiling are relatively simple without custom millwork, the overall quality of the materials and the abundant natural light elevate it to a nicely renovated, above-standard level.",3075.0,723.0,0.0,0.0,591.0,6.087,0.011119,
gemini-3.5-flash,gemini-3.5-flash,images/79713844/79713844_16.jpg,79713844,bedroom,1,3.4,3.0,0.9,True,bedroom,"The bedroom features well-maintained hardwood flooring and clean painted walls, but remains basic with standard baseboards, a simple ceiling fan, and a window AC unit. The overall finishes are dated but functional and maintained, typical of a mid-range older apartment.",3075.0,651.0,0.0,0.0,560.0,5.408,0.010471,
gemini-3.5-flash,gemini-3.5-flash,images/455580860/455580860_12.jpg,455580860,bedroom,1,5.0,5.0,0.9,True,bedroom,"The bedroom features high ceilings, premium light hardwood flooring, and a large, high-quality black-framed multi-pane window. The inclusion of a flush-mounted ceiling HVAC cassette and recessed lighting further indicates a nicely renovated, above-standard space.",3075.0,663.0,0.0,0.0,557.0,7.909,0.01058,
gemini-3.5-flash,gemini-3.5-flash,images/111711535/111711535_7.jpg,111711535,bedroom,1,3.8,4.0,0.9,True,bedroom,"The bedroom features clean, freshly painted white walls and refinished parquet wood flooring, characteristic of an updated mid-range space. The presence of a standard through-the-wall air conditioning unit and simple trim details align it with Level 4, lacking the premium architectural features or upgraded lighting of higher levels.",3075.0,747.0,0.0,0.0,645.0,6.474,0.011336,
gemini-3.5-flash,gemini-3.5-flash,images/30786133/30786133_15.jpg,30786133,bedroom,1,2.8,3.0,0.9,True,bedroom,"The bedroom features dated permanent finishes, most notably the acoustic drop-ceiling tiles and a basic ceiling fan. While the hardwood flooring has some character, it shows visible wear and age, placing the room in a maintained but un-upgraded category.",3103.0,800.0,0.0,0.0,696.0,7.344,0.011855,
gemini-3.5-flash,gemini-3.5-flash,images/122588155/122588155_12.jpg,122588155,bedroom,1,5.6,6.0,0.8,True,bedroom,"The bedroom features significant historic architectural details, including extensive dark wood wainscoting, detailed window trim, and an ornate patterned ceiling. While the room is somewhat crowded with furniture, these permanent millwork and ceiling features elevate it well above standard mid-range finishes.",3096.0,871.0,0.0,0.0,763.0,7.722,0.012483,
gemini-3.5-flash,gemini-3.5-flash,images/457610719/457610719_4.jpg,457610719,bedroom,1,4.6,5.0,0.85,True,bedroom,"The bedroom features clean, modern permanent finishes including light wood flooring, smooth neutral walls, and a large black-framed sliding glass door that opens to a balcony. While the room is well-maintained and has desirable outdoor access, the architectural details like the flat ceiling and simple trim remain standard mid-range.",3075.0,982.0,0.0,0.0,865.0,7.724,0.013451,
gemini-3.5-flash,gemini-3.5-flash,images/2054934812/2054934812_14.jpg,2054934812,bedroom,1,2.4,2.0,0.85,True,bedroom,"The bedroom is a basic, empty shell with plain painted walls, standard trim, and a simple ceiling fan. The hardwood flooring shows significant dark staining and wear, indicating it is in need of refinishing, which aligns with a basic and worn classification.",3075.0,690.0,0.0,0.0,584.0,5.556,0.010823,
gemini-3.5-flash,gemini-3.5-flash,images/245015247/245015247_4.jpg,245015247,bedroom,1,4.8,5.0,0.85,True,bedroom,"The bedroom features high-quality, classic narrow-plank hardwood flooring and prominent ceiling beams that add architectural character. While the walls and lighting are relatively simple, the spacious layout and substantial trim work elevate it to a nicely renovated standard.",3075.0,863.0,0.0,0.0,775.0,7.766,0.012379,
gemini-3.5-flash,gemini-3.5-flash,images/79488683/79488683_5.jpg,79488683,bedroom,1,4.0,4.0,0.9,True,bedroom,"The bedroom features clean, updated permanent finishes including well-maintained hardwood flooring and simple painted walls. However, it lacks upscale architectural details such as crown molding, recessed lighting, or custom built-ins, keeping it in the standard mid-range category.",3075.0,542.0,0.0,0.0,436.0,6.728,0.009491,
gemini-3.5-flash,gemini-3.5-flash,images/338705381/338705381_11.jpg,338705381,bedroom,1,5.2,5.0,0.9,True,bedroom,"The bedroom features high-quality, wide-plank light oak flooring and a large, premium dark-framed window that offers abundant natural light. While the walls and ceiling are minimalist and lack decorative millwork or complex architectural details, the quality of the permanent materials elevates it to a nicely renovated, above-standard level.",3075.0,744.0,0.0,0.0,640.0,6.185,0.011309,
gemini-3.5-flash,gemini-3.5-flash,images/448006342/448006342_4.jpg,448006342,bedroom,1,4.2,4.0,0.9,True,bedroom,"The bedroom features clean, modern finishes including light hardwood flooring, recessed lighting, and a large double-pane window with a minimalist drywall return. The walls are painted a neutral white with simple baseboards, representing a typical updated mid-range standard without premium architectural details like crown molding or custom millwork.",3075.0,609.0,0.0,0.0,494.0,7.084,0.010094,
gemini-3.5-flash,gemini-3.5-flash,images/439578555/439578555_17.jpg,439578555,bedroom,1,4.2,4.0,0.9,True,bedroom,"The bedroom features clean, modern, but basic finishes, including plain white drywall, simple trim, and a wall-mounted mini-split AC unit. While the glass door providing direct patio access is a desirable feature, the overall room size is compact and the permanent finishes are standard mid-range rather than upscale.",3075.0,698.0,0.0,0.0,581.0,6.998,0.010894,
gemini-3.5-flash,gemini-3.5-flash,images/30718819/30718819_10.jpg,30718819,bedroom,1,3.8,4.0,0.85,True,bedroom,"The bedroom features standard modern finishes, including recessed ceiling lights and a large contemporary window. However, the plain walls, basic trim, standard doors, and simple carpet flooring keep it firmly in the mid-range category without any upscale architectural details.",3075.0,950.0,0.0,0.0,861.0,7.553,0.013163,
gemini-3.5-flash,gemini-3.5-flash,images/451821668/451821668_4.jpg,451821668,bedroom,1,4.8,5.0,0.85,True,bedroom,"The bedroom features premium floor-to-ceiling black-framed glass doors leading to a balcony, which provides abundant natural light and an upscale modern feel. The smooth plaster walls, simple baseboards, and hardwood flooring represent high-quality, clean contemporary finishes typical of a nicely renovated modern apartment.",3075.0,621.0,0.0,0.0,531.0,9.213,0.010202,
gemini-3.5-flash,gemini-3.5-flash,images/458844757/458844757_2.jpg,458844757,bedroom,1,4.8,5.0,0.85,True,bedroom,"The bedroom features a prominent exposed brick accent wall, which serves as a high-quality permanent architectural feature. It is complemented by clean drywall, recessed ceiling lights, hardwood flooring, and a deep-set wood-framed window, placing it in the nicely renovated category despite its compact size.",3075.0,779.0,0.0,0.0,666.0,6.548,0.011624,
gemini-3.5-flash,gemini-3.5-flash,images/300074943/300074943_5.jpg,300074943,bedroom,1,4.8,5.0,0.85,True,bedroom,"The bedroom features high-quality dark hardwood flooring and a large, modern black-framed window that provides ample natural light. While the walls and ceiling are simple drywall without decorative millwork or architectural detailing, the premium window and flooring elevate it to a nicely renovated standard.",3075.0,803.0,0.0,0.0,694.0,8.174,0.011839,
gemini-3.5-flash,gemini-3.5-flash,images/444358981/444358981_11.jpg,444358981,bedroom,1,3.8,4.0,0.9,True,bedroom,"The bedroom features clean, refinished hardwood flooring and freshly painted neutral walls, representing a standard updated mid-range finish. The architectural details are basic, including standard six-panel doors, simple baseboards, and a plain flush-mount ceiling light.",3075.0,632.0,0.0,0.0,542.0,5.569,0.010301,
gemini-3.5-flash,gemini-3.5-flash,images/30599448/30599448_10.jpg,30599448,bedroom,1,5.7,6.0,0.85,True,bedroom,"The bedroom features premium historic architectural details, including high ceilings with crown molding, a decorative fireplace mantel, and three large windows framed by substantial, ornate original wood trim and paneling. The spacious layout and original hardwood flooring further elevate the room's permanent quality, placing it in the upscale category.",3075.0,992.0,0.0,0.0,877.0,8.266,0.013541,
gemini-3.5-flash,gemini-3.5-flash,images/320252928/320252928_7.jpg,320252928,bedroom,1,5.2,5.0,0.9,True,bedroom,"The bedroom features high-quality wide-plank hardwood flooring, a painted brick accent wall, and modern recessed lighting. The black-framed window and solid doors with contemporary hardware further elevate the space above standard mid-range finishes.",3075.0,612.0,0.0,0.0,511.0,10.321,0.01012,
gemini-3.5-flash,gemini-3.5-flash,images/245523004/245523004_4.jpg,245523004,living_room,1,5,5,0.9,True,living_room,"The target image depicts a clean, updated living room with dark hardwood floors, recessed lighting, and a coordinated black leather sectional. It is more modern and polished than Level 4 examples but lacks the premium designer finishes, architectural details, or integrated HVAC of Level 6, placing it firmly in Level 5.",3262,655,0,0,538,5.579,0.010788,
gemini-3.5-flash,gemini-3.5-flash,images/459718105/459718105_1.jpg,459718105,living_room,1,6,6,0.9,True,living_room,"The target image features a highly contemporary, renovated living space with designer boucle furniture, a modern wooden sideboard, and clean hardwood flooring. It is more polished and cohesive than Level 5 examples but lacks the grand scale, expansive windows, and premium architectural details seen in Level 7, placing it firmly in Level 6.",3262,740,0,0,621,5.919,0.011553,
gemini-3.5-flash,gemini-3.5-flash,images/79488683/79488683_1.jpg,79488683,living_room,1,5,5,0.9,True,living_room,"The living room is clean, updated, and deliberately decorated with a coordinated color palette, a plush rug, and staged decor. It is more polished and styled than Level 4 examples but lacks the premium materials, designer furniture, and architectural details seen in Level 6.",3262,661,0,0,552,6.559,0.010842,
gemini-3.5-flash,gemini-3.5-flash,images/458844757/458844757_1.jpg,458844757,living_room,1,5,5,0.9,True,living_room,"The target image depicts a modern, deliberately decorated living space with high-quality contemporary furniture, clean hardwood floors, and cohesive staging. It is more refined and stylish than the standard builder-grade finishes of Level 4, but lacks the expansive scale or premium custom architectural details of Level 6, aligning closely with Level 5.",3262,796,0,0,675,7.32,0.012057,
gemini-3.5-flash,gemini-3.5-flash,images/122588155/122588155_2.jpg,122588155,living_room,1,3,3,0.9,True,living_room,"The image shows an unrenovated historic living room with busy, dated wallpaper, heavy drapery, and significant clutter. Following the prewar guidelines, despite the original fireplace and bay window, the worn parquet floor, exposed radiator pipe, and lack of modernization place this room at Level 3.",3262,884,0,0,769,8.094,0.012849,
gemini-3.5-flash,gemini-3.5-flash,images/320252928/320252928_12.jpg,320252928,living_room,1,6,6,0.9,True,living_room,"The target image depicts a spacious, fully renovated contemporary living room with modern light wood flooring, painted brick walls, and extensive recessed lighting. It is more premium and open than Level 5 examples, but lacks the high-end architectural details and premium custom finishes seen in Level 7, placing it firmly in Level 6.",3262,780,0,0,660,8.558,0.011913,
gemini-3.5-flash,gemini-3.5-flash,images/320251340/320251340_3.jpg,320251340,living_room,1,7,7,0.9,True,living_room,"The target image features high-end custom millwork with the large built-in shelving unit, premium designer furniture including a boucle sofa and a modern leather swivel chair, and professional staging. It is clearly more luxurious and polished than Level 6 contemporary spaces, fitting well into Level 7 due to its premium finishes and cohesive, high-end design.",3262,753,0,0,628,7.237,0.011670,
gemini-3.5-flash,gemini-3.5-flash,images/444358981/444358981_4.jpg,444358981,living_room,1,4,4,0.9,True,living_room,"The target image shows a clean, spacious living room with vaulted ceilings and hardwood floors, but it features standard builder-grade finishes such as baseboard heaters, vertical blinds, and plain white walls. The furnishings are minimal and unremarkable, placing it above the dated/cluttered Level 3 but below the more deliberately decorated and staged Level 5.",3262,587,0,0,463,6.542,0.010176,
gemini-3.5-flash,gemini-3.5-flash,images/457610719/457610719_1.jpg,457610719,living_room,1,6,6,0.9,True,living_room,"The target image shows a fully renovated, contemporary open-concept living area and kitchen. It features modern finishes like light wood flooring, black-framed windows, flat-panel cabinetry, and cohesive, stylish staging, placing it firmly at Level 6.",3262,692,0,0,587,6.107,0.011121,
gemini-3.5-flash,gemini-3.5-flash,images/443617919/443617919_14.jpg,443617919,living_room,1,8,8,0.95,True,living_room,"The target image depicts an ultra-luxury living space with expansive floor-to-ceiling windows offering waterfront views, custom architectural details like a recessed cove ceiling, and high-end designer furnishings. It matches the penthouse-caliber quality and scale of Level 8.",3262,484,0,0,376,8.117,0.009249,
gemini-3.5-flash,gemini-3.5-flash,images/244993376/244993376_2.jpg,244993376,living_room,1,6,6,0.9,True,living_room,"The target image depicts a beautifully renovated and styled living space with mid-century modern designer elements, such as the bubble pendant light, curved boucle sofa, and coordinated dining nook. It is clearly more sophisticated and cohesive than Level 5 examples, but lacks the grand scale and premium architectural finishes of Level 7.",3262,748,0,0,631,8.021,0.011625,
gemini-3.5-flash,gemini-3.5-flash,images/245015247/245015247_1.jpg,245015247,living_room,1,5,5,0.9,True,living_room,"The target image shows a clean, well-lit prewar living room with coordinated mid-century modern furnishings and deliberate staging. While it retains classic elements like an exposed radiator and window AC unit, the fresh paint, refinished floors, and cohesive decor elevate it above Level 4 but keep it below the fully renovated Level 6.",3262,1130,0,0,1008,10.36,0.015063,
gemini-3.5-flash,gemini-3.5-flash,images/245060365/245060365_1.jpg,245060365,living_room,1,5,5,0.9,True,living_room,"The target image shows a well-maintained prewar living room with refinished parquet floors, fresh paint, and crown molding. The space is deliberately decorated with coordinated contemporary furniture, a styled media console, and a large area rug, placing it above Level 4 but below the more premium materials and architectural scale of Level 6.",3262,771,0,0,650,5.579,0.011832,
gemini-3.5-flash,gemini-3.5-flash,images/245026136/245026136_2.jpg,245026136,living_room,1,4,4,0.9,True,living_room,"The target image shows a clean and well-kept living room with standard builder-grade finishes, coordinated but unremarkable furnishings (grey sectional, glass tables), and modest decor. It is more organized and modern than Level 3 examples but lacks the spaciousness, natural light, and deliberate staging seen in Level 5.",3278,624,0,0,506,8.188,0.010533,
gemini-3.5-flash,gemini-3.5-flash,images/455580860/455580860_1.jpg,455580860,living_room,1,7,7,0.9,True,living_room,"The target image depicts a high-end, professionally staged living room with premium finishes such as wide-plank light oak flooring, a large black-framed multi-pane window wall, and recessed lighting. The contemporary designer furniture and minimalist aesthetic align closely with Level 7, being more polished and architecturally refined than Level 6 but not quite reaching the expansive scale of Level 8.",3262,821,0,0,688,7.588,0.012282,
gemini-3.5-flash,gemini-3.5-flash,images/119987338/119987338_11.jpg,119987338,living_room,1,5,5,0.9,True,living_room,"The target image depicts a clean, updated living room with dark hardwood floors, coordinated gray and black furniture, and deliberate decorative touches like a crystal chandelier and floating shelves. It is more polished and modern than the standard builder-grade Level 4 examples, but lacks the premium materials, spaciousness, and designer-level finishes of Level 6, placing it firmly in Level 5.",3262,796,0,0,664,8.885,0.012057,
gemini-3.5-flash,gemini-3.5-flash,images/30786133/30786133_1.jpg,30786133,living_room,1,2,2,0.9,True,living_room,"The target image depicts an empty living room with highly worn, unrefinished parquet flooring and a cheap, dated drop-tile ceiling. These worn finishes, along with exposed wiring and dated fixtures, align it with Level 2 (habitable but poor/unrenovated) and place it below the functional Level 3 examples.",3262,744,0,0,621,8.508,0.011589,
gemini-3.5-flash,gemini-3.5-flash,images/79713844/79713844_2.jpg,79713844,living_room,1,3,3,0.9,True,living_room,"The room is clean and freshly painted with polished hardwood floors, placing it above the worn or unfinished spaces of Level 2. However, the basic flush-mount light fixture, blocked decorative fireplace, and radiator cover represent standard, unrenovated prewar finishes, aligning it most closely with Level 3.",3262,1108,0,0,991,8.738,0.014865,
gemini-3.5-flash,gemini-3.5-flash,images/245000657/245000657_3.jpg,245000657,living_room,1,3,3,0.9,True,living_room,"The living room features functional but dated and mismatched furnishings, including a patterned sofa, a traditional rug, and a desk area with interlocking floor mats. The finishes are basic and the overall styling is lived-in and uncoordinated, placing it clearly above the uninhabitable/poor conditions of Levels 1-2 but below the coordinated, tidy standard of Level 4.",3262,658,0,0,530,6.845,0.010815,
gemini-3.5-flash,gemini-3.5-flash,images/2079507264/2079507264_5.jpg,2079507264,living_room,1,6,6,0.9,True,living_room,"The target image depicts a contemporary open-plan living area with high-quality finishes, including herringbone hardwood flooring, a marble waterfall kitchen island, and custom floating wood shelving. It is clearly more renovated and premium than Level 5, but lacks the grand architectural scale and expansive views typical of Level 7, aligning closely with Level 6.",3262,802,0,0,679,5.728,0.012111,
gemini-3.5-flash,gemini-3.5-flash,images/30718819/30718819_4.jpg,30718819,living_room,1,6,6,0.9,True,living_room,"The target image features a contemporary living room with high-quality finishes, including polished hardwood floors, a modern open-riser staircase, and a stylish spherical chandelier. The modern furniture, such as the blue velvet sectional and stone-top coffee table, aligns it with Level 6, being more renovated and contemporary than Level 5 but lacking the grand scale and premium architectural details of Level 7.",3262,753,0,0,618,5.615,0.011670,
gemini-3.5-flash,gemini-3.5-flash,images/30785005/30785005_2.jpg,30785005,living_room,1,3,3,0.9,True,living_room,"The living room features functional but dated and mismatched furnishings, including a dark leather sofa, a wooden rocking chair, and a desk setup. The space is somewhat cluttered with various decor items and has older finishes, aligning closely with the lived-in and average condition of Level 3 examples.",3262,693,0,0,581,4.666,0.011130,
gemini-3.5-flash,gemini-3.5-flash,images/338701821/338701821_1.jpg,338701821,living_room,1,6,6,0.9,True,living_room,"The target image features a beautifully renovated contemporary living room with high-quality custom built-in shelving, modern hardwood floors, and curated mid-century modern designer furniture. It is more sophisticated and customized than Level 5 spaces, but lacks the grand scale and premium architectural details of Level 7.",3262,700,0,0,586,4.977,0.011193,
gemini-3.5-flash,gemini-3.5-flash,images/68313646/68313646_1.jpg,68313646,living_room,1,6,6,0.9,True,living_room,"The target image depicts a renovated, contemporary loft-style living space with high ceilings, large industrial-style windows, and light hardwood floors. It is more polished and architecturally interesting than Level 5 spaces, but lacks the expansive scale and ultra-premium finishes of Level 7, placing it firmly in Level 6.",3262,667,0,0,547,4.605,0.010896,
gemini-3.5-flash,gemini-3.5-flash,images/320253598/320253598_8.jpg,320253598,living_room,1,5,5,0.9,True,living_room,"The target image depicts a clean, well-lit living room with coordinated contemporary furnishings and deliberate staging, including a colorful palette and decorative accents. While it has modern styling, the basic architectural features like the small high window and standard door keep it from reaching the higher luxury levels, aligning it best with Level 5.",3262,634,0,0,516,7.938,0.010599,
gemini-3.5-flash,gemini-3.5-flash,images/245026215/245026215_1.jpg,245026215,living_room,1,4,4,0.9,True,living_room,"The living room features modern, coordinated staging and furniture, but is set within an older prewar space with original parquet flooring and a window AC unit. These unrenovated elements keep it from reaching higher levels, aligning it closely with Level 4's clean but modest standard.",3262,1087,0,0,975,7.151,0.014676,
gemini-3.5-flash,gemini-3.5-flash,images/338705381/338705381_1.jpg,338705381,living_room,1,7,7,0.95,True,living_room,"The target image depicts a highly polished, contemporary open-concept living space with premium finishes such as integrated linear HVAC diffusers, light hardwood flooring, and custom floating walnut cabinetry. The designer furnishings, including marble block tables and curated artwork, elevate it above Level 6, while it lacks the grand scale and panoramic views typical of Level 8, placing it firmly in Level 7.",3262,654,0,0,521,10.949,0.010779,
gemini-3.5-flash,gemini-3.5-flash,images/72670045/72670045_hero.jpg,72670045,living_room,1,5,5,0.9,True,living_room,"The target image shows a well-maintained prewar living room with refinished parquet floors and a painted accent wall. The space is deliberately decorated with coordinated mid-century modern style furniture, plants, and a colorful rug, placing it above the standard Level 4 but below the more spacious and premium Level 6 renovations.",3262,938,0,0,819,6.025,0.013335,
gemini-3.5-flash,gemini-3.5-flash,images/448006342/448006342_1.jpg,448006342,living_room,1,5,5,0.9,True,living_room,"The target image depicts a clean, modern living room with coordinated contemporary furniture, light hardwood floors, and a clear staging effort. It is more deliberately decorated and updated than Level 4 examples, but lacks the architectural scale, integrated lighting, or premium finishes of Level 6, placing it firmly in Level 5.",3262,771,0,0,653,6.094,0.011832,
gemini-3.5-flash,gemini-3.5-flash,images/64547202/64547202_4.jpg,64547202,living_room,1,3,3,0.9,True,living_room,"The target image depicts a functional, lived-in living and dining area with clean hardwood floors but dated elements such as basic dome ceiling lights, a through-the-wall AC unit, and mismatched, older furniture including a slipcovered recliner. It is more finished than Level 2 but lacks the coordinated staging and updated finishes of Level 4, aligning best with Level 3.",3262,912,0,0,780,6.452,0.013101,
gemini-3.5-flash,gemini-3.5-flash,images/30599448/30599448_4.jpg,30599448,living_room,1,4,4,0.8,True,living_room,"The image shows a close-up of a well-preserved historic fireplace mantel with clean, freshly painted walls and simple, modest decor. While the fireplace itself has ornate historic details, the visible portion of the room is clean and well-kept but lacks the extensive modern finishes or high-end staging of higher levels, placing it around Level 4.",3262,1197,0,0,1072,9.565,0.015666,
gemini-3.5-flash,gemini-3.5-flash,images/457917688/457917688_14.jpg,457917688,living_room,1,3,3,0.9,True,living_room,"The target image depicts a functional, lived-in living room with dated finishes, such as the faux-stone window trim and exposed baseboard heater. The furniture is serviceable but mismatched, placing it squarely in Level 3, above the sparse/shabby Level 2 examples but below the tidy, coordinated Level 4 standard.",3262,919,0,0,798,6.545,0.013164,
gemini-3.5-flash,gemini-3.5-flash,images/30783144/30783144_1.jpg,30783144,living_room,1,4,4,0.9,True,living_room,"The living room is clean, spacious, and well-coordinated, but features dated elements such as the mirrored wall and 1990s-style sectional sofa. It is more orderly and tidy than Level 3 examples, but lacks the modern updates and contemporary styling seen in Level 5.",3305,681,0,0,566,9.942,0.011086,
gemini-3.5-flash,gemini-3.5-flash,images/111711535/111711535_2.jpg,111711535,living_room,1,4,4,0.9,True,living_room,"The target image shows a clean, well-kept living room with coordinated but basic furnishings, including a grey sectional, a green rug, and simple decor. The presence of classic parquet flooring and a standard radiator cover indicates an unrenovated prewar interior, placing it firmly in Level 4, as it is more organized than Level 3 but lacks the updated finishes and lighting of Level 5.",3262,922,0,0,786,8.81,0.013191,
gemini-3.5-flash,gemini-3.5-flash,images/2054934812/2054934812_12.jpg,2054934812,living_room,1,2,2,0.9,True,living_room,"The target image shows an empty living area with basic, dated finishes, such as the thin-plank hardwood flooring and the visible wallpapered nook in the background. It is cleaner than Level 1 but lacks the quality of finishes, lighting, or architectural details seen in Level 3, placing it firmly in Level 2.",3290,1112,0,0,991,8.399,0.014943,
gemini-3.5-flash,gemini-3.5-flash,images/89066621/89066621_hero.jpg,89066621,living_room,1,7,7,0.9,True,living_room,"The target image features a high-end, professionally staged living and dining area with premium finishes like dark wood flooring and a marble coffee table. It is bracketed by Level 6 (which lacks this caliber of skyline view and high-end designer furniture) and Level 8 (which features more expansive, penthouse-scale spaces with floor-to-ceiling windows).",3262,712,0,0,583,9.785,0.011301,
gemini-3.5-flash,gemini-3.5-flash,images/347275053/347275053_9.jpg,347275053,living_room,1,6,6,0.9,True,living_room,"The target image depicts a modern, open-concept living area integrated with a kitchen, featuring high-quality contemporary finishes such as large-format tile flooring, extensive custom wood built-ins, and coordinated modern furniture. It is more premium and cohesive than Level 5 but lacks the grand architectural scale and ultra-high-end staging of Level 7, placing it firmly in Level 6.",3262,753,0,0,619,6.572,0.011670,
gemini-3.5-flash,gemini-3.5-flash,images/347205007/347205007_10.jpg,347205007,living_room,1,5,5,0.85,True,living_room,"The target image depicts an empty, modern living area with contemporary finishes such as recessed lighting, light wood-style flooring, and premium black-framed glass doors and windows. It is superior to the basic builder-grade finishes of Level 4 but lacks the high-end materials, custom built-ins, or professional staging seen in Level 6, placing it at Level 5.",3262,1119,0,0,986,12.506,0.014964,
